,scenario,state,reward_rudder,reward_sail,epoch,wind,x,y,speed,
1,0,1,0,0,1,0.0,239.311900333,99.7895556919,0.0429983623636243,
2,0,1,-1.0,-0.08695652173913043,1,0.0,239.395298919,99.8258397684,0.24248812469480124,
3,0,1,-0.8,-0.08695652173913043,1,0.0,239.719418216,99.8206214595,0.39298257467208,
4,0,1,-0.6000000000000001,-0.08695652173913043,1,0.0,240.097635035,99.738183752,0.38653478762027477,
5,0,1,-0.6000000000000001,-0.08695652173913043,1,0.0,240.510833634,99.6438556868,0.38949664342564805,
6,0,1,-0.6000000000000001,-0.043478260869565216,1,0.0,240.869218533,99.5856498884,0.41080243423769425,
7,0,1,-0.6000000000000001,0.0,1,0.0,241.31685074,99.5302659141,0.43275043475674213,
8,0,1,-0.6000000000000001,0.0,1,0.0,241.752963681,99.5458341835,0.44008375195356997,
9,0,1,-0.6000000000000001,0.43478260869565216,2,0.0,242.174447992,99.5966942455,0.35254493495923783,
10,0,1,0,0,2,0.0,240.082139365,99.9463999198,0.14712407323945842,
11,0,1,-0.6000000000000001,0.043478260869565216,2,0.0,240.143252462,99.9700167479,0.39283848842836144,
12,0,1,-0.6000000000000001,0.043478260869565216,2,0.0,240.541660976,100.06262725,0.4591952478568791,
13,0,1,-0.6000000000000001,0.0,2,0.0,240.976260822,100.250481137,0.5037863912796782,
14,0,1,-0.4,0.21739130434782608,2,0.0,241.396695356,100.462696504,0.4316795273877751,
15,0,1,-0.8,0.08695652173913043,2,0.0,241.69726504,100.658070585,0.3788744694745861,
16,0,1,-0.6000000000000001,-0.043478260869565216,2,0.0,242.032822921,100.899052542,0.4784400726020859,
17,0,1,-0.6000000000000001,-0.043478260869565216,2,0.0,242.475937254,101.201099351,0.502842937254927,
18,0,1,-0.4,-0.043478260869565216,3,0.0,242.881522088,101.500441032,0.5047535418151131,
19,0,1,0,0,3,0.0,240.103663309,99.9123189418,0.08625440122957012,
20,0,1,-0.6000000000000001,0.0,3,0.0,240.012830869,99.8687607589,0.22151325076973213,
21,0,1,-0.6000000000000001,0.043478260869565216,3,0.0,240.323377356,99.9041076009,0.4137284922600389,
22,0,1,-0.6000000000000001,0.043478260869565216,3,0.0,240.747058945,99.9945052882,0.45842385160799065,
23,0,1,-0.6000000000000001,0.0,3,0.0,241.188852097,100.155260473,0.5010435234800651,
24,0,1,-0.6000000000000001,0.0,3,0.0,241.624781323,100.410161161,0.5113396110995554,
25,0,1,-0.4,0.043478260869565216,3,0.0,242.059931593,100.764440643,0.5309408535822255,
26,0,1,0.0,0.043478260869565216,3,0.0,242.407996595,101.165202262,0.5329691387876236,
27,0,1,-0.6000000000000001,0.17391304347826086,3,0.0,242.61561637,101.580603713,0.3260115510401412,
28,0,1,-0.4,0.08695652173913043,4,0.0,242.810074786,101.810449648,0.38034046983310077,
29,0,1,0,0,4,0.0,240.088867888,99.914920022,0.10965104560433875,
30,0,1,-0.4,0.043478260869565216,4,0.0,240.069808796,99.889006082,0.3284138086470703,
31,0,1,-0.4,0.0,4,0.0,240.428584136,100.051328137,0.46669859946895087,
32,0,1,-0.6000000000000001,0.0,4,0.0,240.807891956,100.350247406,0.5199037449861834,
33,0,1,-0.2,-0.043478260869565216,4,0.0,241.196598871,100.676797184,0.5206159369018821,
34,0,1,-0.6000000000000001,0.043478260869565216,4,0.0,241.53926725,101.065416693,0.515562276501873,
35,0,1,-0.4,-0.043478260869565216,4,0.0,241.908010358,101.441451587,0.5014680378099988,
36,0,1,-0.4,-0.043478260869565216,4,0.0,242.244962563,101.819561538,0.5129896164071122,
37,0,1,0.0,0.043478260869565216,4,0.0,242.59655329,102.195311201,0.5098441553162154,
38,0,1,-0.8,0.08695652173913043,4,0.0,242.807006581,102.613579897,0.33008566919390614,
39,0,1,-0.4,0.08695652173913043,4,0.0,243.040519399,102.802720827,0.3441036526846917,
40,0,1,-0.4,0.043478260869565216,5,0.0,243.322606723,103.048869845,0.43397345788700026,
41,0,1,0,0,5,0.0,240.095781199,99.9697769676,0.20863249673460235,
42,0,1,0.0,0.043478260869565216,5,0.0,240.155119346,99.9764241996,0.35244319657110496,
43,0,1,0.0,0.0,5,0.0,240.453687379,100.142860445,0.37372061279748997,
44,0,1,-0.2,-0.043478260869565216,5,0.0,240.692031639,100.466146499,0.47482304327524816,
45,0,1,-0.8,0.043478260869565216,5,0.0,240.894235938,100.882784608,0.3888070758379517,
46,0,1,-0.2,0.043478260869565216,5,0.0,241.145916497,101.121216631,0.41269381031221425,
47,0,1,-0.4,-0.043478260869565216,5,0.0,241.443986533,101.47895972,0.501856622564717,
48,0,1,-0.2,-0.043478260869565216,5,0.0,241.781590026,101.903023732,0.5039057174665069,
49,0,1,0.0,0.043478260869565216,5,0.0,242.055750573,102.335310498,0.5232116399508241,
50,0,1,-0.2,0.0,5,0.0,242.188107879,102.844150634,0.5180742737962666,
51,0,1,-0.4,0.0,5,0.0,242.347388059,103.319623827,0.43554764773216975,
52,0,1,-0.2,0.0,5,0.0,242.6070622,103.647248873,0.45236270155234565,
53,0,1,0.2,0.0,5,0.0,242.932562623,103.99181496,0.47261974864102896,
54,0,1,0.2,0.043478260869565216,5,0.0,243.140278774,104.41390046,0.48993628775649023,
55,0,1,0.6000000000000001,-0.13043478260869565,5,0.0,243.160056172,104.769753463,0.1952332425840134,
56,0,1,1.0,0.21739130434782608,5,0.0,243.180193708,104.897068264,0.1526792705232834,
57,0,1,-0.2,0.043478260869565216,5,0.0,243.199251168,105.069358113,0.262812346575508,
58,0,1,-0.2,-0.043478260869565216,5,0.0,243.152907627,105.36141583,0.3174169381972957,
59,0,1,-0.2,-0.08695652173913043,5,0.0,243.204893439,105.68626585,0.363762276310243,
60,0,1,0.0,0.0,5,0.0,243.390131896,106.035596531,0.476464022621158,
61,0,1,0.0,-0.08695652173913043,5,0.0,243.625796874,106.463117757,0.4744736855440215,
62,0,1,0.0,0.0,5,0.0,243.808017701,106.925231914,0.5378958988599759,
63,0,1,0.2,0.0,5,0.0,243.928050439,107.446424257,0.5288474452616682,
64,0,1,-0.2,-0.043478260869565216,5,0.0,243.95149461,107.994391732,0.46514177095245457,
65,0,1,-0.2,-0.043478260869565216,5,0.0,244.061056215,108.433398105,0.462746044616361,
66,0,1,-0.6000000000000001,0.0,5,0.0,244.24748748,108.833122242,0.40486213162267304,
67,0,1,-0.6000000000000001,0.0,5,0.0,244.517604252,109.134168524,0.4385352091719136,
68,0,1,-0.6000000000000001,0.043478260869565216,5,0.0,244.885481409,109.368633965,0.4530353832209281,
69,0,1,-0.6000000000000001,0.08695652173913043,5,0.0,245.253909126,109.614178159,0.4528322615896493,
70,0,1,-0.6000000000000001,-0.043478260869565216,6,0.0,245.591736942,109.946337303,0.5064406278645561,
71,0,1,0,0,6,0.0,240.09792206,99.9695752464,0.13838989909595978,
72,0,1,0.0,0.043478260869565216,6,0.0,240.12770575,99.9752581599,0.35855556107149256,
73,0,1,0.0,0.0,6,0.0,240.429361163,100.129288124,0.37511983909074637,
74,0,1,0.2,-0.043478260869565216,6,0.0,240.674951531,100.405325796,0.3696674335025678,
75,0,1,-0.2,0.0,6,0.0,240.770661277,100.766528333,0.4609861233870108,
76,0,1,0.4,-0.043478260869565216,6,0.0,240.915558665,101.260725117,0.48391919190711985,
77,0,1,0.8,0.043478260869565216,6,0.0,241.008009517,101.725365991,0.428238475832177,
78,0,1,0.8,-0.043478260869565216,6,0.0,240.916329648,102.08862482,0.3518175297975766,
79,0,1,0.2,-0.13043478260869565,6,0.0,240.765988878,102.2802378,0.11540271599097283,
80,0,1,0.2,0.043478260869565216,6,0.0,240.756161634,102.4007636,0.21200871049116174,
81,0,1,0.2,0.0,6,0.0,240.698443691,102.66823226,0.3495351275058185,
82,0,1,-0.2,-0.043478260869565216,6,0.0,240.668809668,103.010423273,0.3186944993524813,
83,0,1,-0.4,0.08695652173913043,6,0.0,240.748959512,103.293057915,0.2767276275269828,
84,0,1,-0.6000000000000001,0.0,6,0.0,240.895440637,103.518583538,0.30561750057099685,
85,0,1,-0.4,0.0,6,0.0,241.124176623,103.772587526,0.4360790457933103,
86,0,1,0.0,0.0,6,0.0,241.521705053,104.095276867,0.4977411639157768,
87,0,1,0.2,0.043478260869565216,6,0.0,241.836087441,104.485947566,0.4932479858950272,
88,0,1,0.6000000000000001,0.0,6,0.0,241.975300409,104.917793523,0.3972314105390701,
89,0,1,-0.2,-0.043478260869565216,6,0.0,241.882142411,105.260537702,0.28654197024627637,
90,0,1,-0.2,-0.043478260869565216,6,0.0,241.880852581,105.531025821,0.29548941640768356,
91,0,1,0.2,0.0,6,0.0,241.965091362,105.867922676,0.44293664007573186,
92,0,1,0.0,0.0,6,0.0,242.131289862,106.332383927,0.5142364528109391,
93,0,1,-0.4,0.0,6,0.0,242.339669931,106.758219086,0.4249304194219044,
94,0,1,-0.2,0.043478260869565216,6,0.0,242.639619335,107.033766141,0.44699678430832807,
95,0,1,0.0,-0.043478260869565216,6,0.0,242.954756394,107.37305009,0.48578573501268096,
96,0,1,0.4,0.0,6,0.0,243.201474213,107.767831868,0.4195092856766536,
97,0,1,-0.2,0.0,6,0.0,243.227867229,108.153986708,0.40669477142013305,
98,0,1,-0.2,-0.08695652173913043,6,0.0,243.295753656,108.591438938,0.3933126298326336,
99,0,1,-0.2,-0.043478260869565216,6,0.0,243.464307141,108.944036052,0.4289862222060356,
100,0,1,0.0,0.043478260869565216,6,0.0,243.751410009,109.301746195,0.5068214717007328,
101,0,1,0.4,0.0,6,0.0,244.014566556,109.706856357,0.40808469922125234,
102,0,1,-0.6000000000000001,0.08695652173913043,6,0.0,244.053911687,110.096978752,0.3366303055895438,
103,0,1,-0.4,0.0,6,0.0,244.15618422,110.421001709,0.3991675846364033,
104,0,1,-0.4,0.0,6,0.0,244.362803775,110.764575154,0.429263356645773,
105,0,1,-0.2,0.043478260869565216,6,0.0,244.680459768,111.068118384,0.4779700056538543,
106,0,1,0.0,-0.043478260869565216,6,0.0,244.984322197,111.439467142,0.4395793378836509,
107,0,1,-0.4,-0.08695652173913043,6,0.0,245.099600609,111.830013617,0.39489599012848997,
108,0,1,0.0,0.0,6,0.0,245.282589134,112.250732908,0.49434434566870744,
109,0,1,-0.2,-0.043478260869565216,6,0.0,245.455734095,112.726769226,0.5082419078709607,
110,0,1,0.2,0.0,6,0.0,245.639076639,113.205713721,0.5368034219091465,
111,0,1,0.4,0.0,6,0.0,245.697935296,113.69884018,0.4411865625007188,
112,0,1,0.2,0.043478260869565216,6,0.0,245.596255259,114.121154928,0.4531277891541963,
113,0,1,-0.2,0.0,6,0.0,245.519083068,114.540246664,0.3553367982743529,
114,0,1,-0.2,-0.043478260869565216,6,0.0,245.557425509,114.879937513,0.3846128025772664,
115,0,1,-0.2,-0.043478260869565216,6,0.0,245.711647382,115.255584533,0.4578575424093662,
116,0,1,0.2,0.0,6,0.0,245.987370488,115.70126144,0.49856973019105494,
117,0,2,0.4,0.0,7,0.0,246.104254694,116.142888111,0.3896039314230905,
118,0,2,0,0,7,0.0,240.074295732,99.9152741904,0.07223686160492358,
119,0,2,0.2,0.043478260869565216,7,0.0,239.970653652,99.868738663,0.20532498151910528,
120,0,2,0.2,0.0,7,0.0,240.177377052,99.9929762646,0.276250446878116,
121,0,2,0.2,0.043478260869565216,7,0.0,240.450438105,100.003312383,0.287144278571694,
122,0,2,0.2,0.0,7,0.0,240.797754433,99.9344381545,0.4231087848676276,
123,0,2,0.2,0.043478260869565216,7,0.0,241.130654706,99.7582388481,0.3855657194411216,
124,0,2,0.2,-0.21739130434782608,7,0.0,241.352488708,99.5032119663,0.23846717394886605,
125,0,2,0.6000000000000001,-0.3913043478260869,7,0.0,241.380172726,99.3974453533,0.06155393731837294,
126,0,2,-0.2,-0.21739130434782608,7,0.0,241.365431732,99.5782517015,0.24560700148132794,
127,0,2,-0.2,0.043478260869565216,7,0.0,241.310032438,99.7163825995,0.10625969605292739,
128,0,2,0.0,-0.2608695652173913,7,0.0,241.439913772,99.4510687511,0.2046818999194156,
129,0,2,-0.2,-0.043478260869565216,7,0.0,241.511737799,99.3045821802,0.3075480185399749,
130,0,2,0.2,0.0,7,0.0,241.477642714,98.8750210502,0.5218395283456528,
131,0,2,-0.6000000000000001,-0.21739130434782608,7,0.0,241.428207597,98.4580431637,0.22468051878665796,
132,0,2,-0.4,-0.13043478260869565,7,0.0,241.454643173,98.341939967,0.10964582732488395,
133,0,2,0.0,-0.08695652173913043,7,0.0,241.432688729,98.1697445968,0.2462699481979921,
134,0,2,0.2,-0.043478260869565216,7,0.0,241.351006765,97.8698055244,0.37722506527216937,
135,0,2,-0.2,-0.08695652173913043,7,0.0,241.305333342,97.4940305578,0.3801149417083437,
136,0,2,-0.4,-0.043478260869565216,7,0.0,241.290756913,97.1273212957,0.3987175555236008,
137,0,2,-0.2,-0.043478260869565216,7,0.0,241.090430992,96.7204755982,0.4524780971352297,
138,0,2,0.2,0.043478260869565216,7,0.0,240.831090949,96.3880574671,0.36038262048740205,
139,0,2,-0.6000000000000001,0.043478260869565216,7,0.0,240.709488166,96.0474387759,0.42144233347783966,
140,0,2,-0.6000000000000001,-0.043478260869565216,7,0.0,240.495209686,95.6744236298,0.42700650184269906,
141,0,2,-0.6000000000000001,-0.08695652173913043,7,0.0,240.228980338,95.364353297,0.3645088149898374,
142,0,2,-0.4,0.0,7,0.0,239.981673587,95.1306627271,0.35800476647356183,
143,0,2,-0.4,0.0,7,0.0,239.719225299,94.91165707,0.32673143203471755,
144,0,2,-0.2,0.0,7,0.0,239.54036667,94.6373938899,0.3514761772258447,
145,0,2,0.0,0.043478260869565216,7,0.0,239.378078868,94.3132331367,0.3675726007908336,
146,0,2,0.4,0.0,7,0.0,239.297177662,93.9776207647,0.31413613985721606,
147,0,2,-0.4,0.043478260869565216,7,0.0,239.355162003,93.605083146,0.47188955791539106,
148,0,2,0.4,0.08695652173913043,7,0.0,239.299486544,93.1280355591,0.43916584112147594,
149,0,2,-0.4,0.043478260869565216,7,0.0,239.34227547,92.6926678,0.47069658436206907,
150,0,2,-0.6000000000000001,0.0,7,0.0,239.286812651,92.2630153754,0.37838747514916,
151,0,2,-0.6000000000000001,0.0,7,0.0,239.078119613,91.992987704,0.34021026191637566,
152,0,2,-0.6000000000000001,-0.043478260869565216,7,0.0,238.824991734,91.7468372492,0.35175608806539227,
153,0,2,-0.6000000000000001,0.0,7,0.0,238.616287001,91.4763976711,0.37229110144122374,
154,0,2,-0.4,0.0,7,0.0,238.389138697,91.175413128,0.3926509470960433,
155,0,2,-0.6000000000000001,0.043478260869565216,7,0.0,238.17958178,90.8219861559,0.4420662724777956,
156,0,2,-0.4,0.0,8,0.0,237.950519099,90.4538434796,0.42238105404950255,
157,0,2,0,0,8,0.0,240.040181603,99.9436730112,0.06284804491144151,
158,0,2,0.2,0.043478260869565216,8,0.0,239.962340759,99.8911556036,0.18633097613909624,
159,0,2,0.2,0.043478260869565216,8,0.0,240.187286603,99.9404650336,0.2712591443356953,
160,0,2,0.2,-0.4782608695652174,8,0.0,240.459947553,99.8941705639,0.29582360356377396,
161,0,2,0.2,-0.2608695652173913,8,0.0,240.764733459,99.8460927408,0.2746408037872608,
162,0,2,0.2,-0.13043478260869565,8,0.0,240.960429244,99.8209158923,0.196199081682091,
163,0,2,0.2,-0.043478260869565216,8,0.0,241.132668783,99.6598703729,0.3361079716913177,
164,0,2,0.2,-0.2608695652173913,8,0.0,241.290582764,99.3698577511,0.22698006134939416,
165,0,2,0.2,-0.13043478260869565,8,0.0,241.395431646,99.2791504019,0.17631165129640192,
166,0,2,0.0,-0.043478260869565216,8,0.0,241.461882653,98.9939167413,0.4046460843003196,
167,0,2,-0.2,0.08695652173913043,8,0.0,241.417369023,98.5636532687,0.4461259105816372,
168,0,2,0.2,-0.043478260869565216,8,0.0,241.245145881,98.1956399041,0.4037942956489367,
169,0,2,-0.4,-0.043478260869565216,8,0.0,241.196343999,97.7955469198,0.449543318240452,
170,0,2,-0.2,-0.08695652173913043,8,0.0,241.067612741,97.3164509383,0.42873924804602126,
171,0,2,-0.4,-0.043478260869565216,8,0.0,240.92064976,96.9208144306,0.44208159487958726,
172,0,2,-0.2,0.0,8,0.0,240.655910018,96.5834604183,0.4110483497915319,
173,0,2,0.0,0.043478260869565216,8,0.0,240.436862369,96.2626292445,0.36499147606736226,
174,0,2,-0.2,-0.043478260869565216,8,0.0,240.34008479,95.9074208832,0.4136529186841059,
175,0,2,0.0,-0.043478260869565216,8,0.0,240.282470894,95.4832170455,0.43951240994499713,
176,0,2,0.0,0.0,8,0.0,240.265192052,95.0213769641,0.5149891948686268,
177,0,2,0.0,0.043478260869565216,8,0.0,240.223433242,94.4933013885,0.5370062930500842,
178,0,2,0.0,-0.043478260869565216,8,0.0,240.182982077,93.9664547028,0.513792106029595,
179,0,2,0.0,-0.043478260869565216,8,0.0,240.177899032,93.4909263522,0.4646298109013844,
180,0,2,0.0,0.0,8,0.0,240.149001193,93.0110275185,0.5204136847004192,
181,0,2,0.0,-0.043478260869565216,8,0.0,240.106188414,92.452361812,0.49806765861411245,
182,0,2,0.0,0.0,8,0.0,240.070524735,91.9626522206,0.5214381219771747,
183,0,2,0.4,0.0,8,0.0,240.004956849,91.4574425188,0.47897382736820027,
184,0,2,0.0,0.0,8,0.0,240.071927162,90.9887176838,0.5133592039366653,
185,0,2,-0.2,-0.043478260869565216,8,0.0,240.084669202,90.4670830903,0.526315677481239,
186,0,2,-0.2,0.0,8,0.0,239.944033475,89.9720769255,0.5108008196006614,
187,0,2,0.2,0.043478260869565216,8,0.0,239.726359489,89.5605953313,0.3815796277507594,
188,0,2,0.4,-0.043478260869565216,8,0.0,239.660177535,89.2342733329,0.2836038132202058,
189,0,2,-0.4,-0.08695652173913043,8,0.0,239.713886965,88.9740291387,0.3111772475499154,
190,0,2,-0.4,-0.043478260869565216,8,0.0,239.729976195,88.6070932024,0.43721690814329467,
191,0,2,0.0,0.0,8,0.0,239.523324107,88.1814964149,0.440191380699896,
192,0,2,0.2,-0.043478260869565216,8,0.0,239.367615313,87.7873573886,0.37103986473323247,
193,0,2,-0.4,0.0,8,0.0,239.34675316,87.403683461,0.48052786349364707,
194,0,2,-0.2,0.0,8,0.0,239.22833364,86.9090987157,0.5157338781862515,
195,0,2,0.0,0.0,8,0.0,239.105212278,86.4197853236,0.49874163884807315,
196,0,2,0.0,0.0,8,0.0,239.032164537,85.9427022152,0.467616255592852,
197,0,2,0.0,0.0,8,0.0,239.072160497,85.4829683498,0.4811459382409811,
198,0,2,-0.2,0.043478260869565216,8,0.0,239.183436106,85.0040934957,0.5263593512643014,
199,0,2,-0.2,0.043478260869565216,8,0.0,239.171059696,84.4796460424,0.514647522097767,
200,0,2,0.0,0.0,8,0.0,239.013225329,84.0285673245,0.4382318154532887,
201,0,2,0.2,-0.043478260869565216,8,0.0,238.954303735,83.6080732182,0.2952580299074084,
202,0,2,0.0,-0.043478260869565216,8,0.0,239.019403819,83.3127720484,0.3952920213887936,
203,0,2,0.0,-0.043478260869565216,8,0.0,239.133115531,82.8815189517,0.48574565453045365,
204,0,2,0.0,0.0,8,0.0,239.254201059,82.3937331521,0.5408247744239908,
205,0,3,-0.2,0.0,9,0.0,239.369843415,81.858674884,0.5626657637398036,
206,0,3,0,0,9,0.0,240.076042043,100.088707189,0.0778622144290529,
207,0,3,0.0,-0.08695652173913043,9,0.0,240.011241506,100.19102709,0.25298855498232037,
208,0,3,0.0,-0.13043478260869565,9,0.0,240.294773532,100.15604399,0.347902386596241,
209,0,3,0.4,-0.08695652173913043,9,0.0,240.651360929,100.097807046,0.34116001576075067,
210,0,3,-0.2,-0.08695652173913043,9,0.0,240.997948722,100.10922879,0.3627380529878321,
211,0,3,-0.4,-0.043478260869565216,9,0.0,241.319512494,100.006617364,0.335344597104395,
212,0,3,-0.2,0.0,9,0.0,241.613105195,99.7431018496,0.49764359872042235,
213,0,3,-0.2,0.08695652173913043,9,0.0,241.922180413,99.3553477706,0.466775738060223,
214,0,3,0.0,0.043478260869565216,9,0.0,242.242181193,99.0802487066,0.39109606307143346,
215,0,3,0.0,-0.08695652173913043,9,0.0,242.568287291,98.9654762711,0.32396805121975414,
216,0,3,-0.6000000000000001,0.043478260869565216,9,0.0,242.872546367,98.8766990011,0.329558849399498,
217,0,3,-0.6000000000000001,0.043478260869565216,9,0.0,243.183130477,98.6638031382,0.44453848045847993,
218,0,3,-0.4,-0.13043478260869565,9,0.0,243.472556986,98.3151312278,0.44525598873085787,
219,0,3,-0.4,-0.08695652173913043,9,0.0,243.718014908,97.995300725,0.3178251503199589,
220,0,3,-0.4,-0.043478260869565216,9,0.0,243.955233613,97.762828644,0.38450175382234025,
221,0,3,-0.2,-0.043478260869565216,9,0.0,244.240863196,97.5120489684,0.35208622159670444,
222,0,3,0.2,-0.043478260869565216,9,0.0,244.514085949,97.3435496524,0.27364267251686036,
223,0,3,-0.4,-0.043478260869565216,9,0.0,244.79781843,97.2992637125,0.3605176333184343,
224,0,3,0.2,0.043478260869565216,9,0.0,245.145055815,97.1291692299,0.43749167834858665,
225,0,3,0.2,0.0,9,0.0,245.557987767,96.9973698365,0.42090846852213337,
226,0,3,0.2,-0.08695652173913043,9,0.0,245.937428484,96.9832366839,0.35628295322195974,
227,0,3,0.2,-0.4782608695652174,9,0.0,246.306455226,96.9637825275,0.39800953756961976,
228,0,3,0.0,0.13043478260869565,9,0.0,246.734609768,96.9322777146,0.4185251898818977,
229,0,3,-0.4,0.0,9,0.0,247.125862678,96.8743308898,0.43955733780461725,
230,0,3,-0.4,0.043478260869565216,9,0.0,247.555071628,96.7810016041,0.4884841444747843,
231,0,3,-0.2,-0.043478260869565216,9,0.0,247.985565969,96.4720072875,0.45206370402811413,
232,0,3,-0.4,-0.043478260869565216,9,0.0,248.364150235,96.2494033093,0.4368315474562948,
233,0,3,-0.2,-0.043478260869565216,10,0.0,248.731513488,96.0030344259,0.43748028254360427,
234,0,3,0,0,10,0.0,240.083187028,100.08247427,0.12571067931687263,
235,0,3,0.0,0.0,10,0.0,240.005574228,100.109602048,0.27542188746785357,
236,0,3,0.4,0.043478260869565216,10,0.0,240.323226132,99.9194932863,0.41963190464219524,
237,0,3,0.6000000000000001,0.043478260869565216,10,0.0,240.688669068,99.8223525626,0.3177386879940262,
238,0,3,-0.4,0.0,10,0.0,240.995762991,99.8608693358,0.3432275462407448,
239,0,3,-0.4,0.0,10,0.0,241.30868348,99.7664910181,0.3496669108140195,
240,0,3,-0.2,0.0,10,0.0,241.624347197,99.5163885345,0.4985278089555755,
241,0,3,-0.2,0.0,10,0.0,241.960078802,99.1293321868,0.5114750104806056,
242,0,3,-0.2,0.043478260869565216,10,0.0,242.32276113,98.7512427261,0.45989068120322396,
243,0,3,0.0,0.0,10,0.0,242.677413413,98.5389569202,0.3574093565662274,
244,0,3,-0.4,-0.08695652173913043,10,0.0,242.99533677,98.4820674835,0.329653615240667,
245,0,3,0.0,0.043478260869565216,10,0.0,243.314231741,98.3085905826,0.44005461649979566,
246,0,3,0.4,0.043478260869565216,10,0.0,243.707609895,98.0959859042,0.4049125308223151,
247,0,3,0.6000000000000001,0.043478260869565216,10,0.0,244.04522855,98.0341424201,0.2955175214917981,
248,0,3,-0.4,0.0,10,0.0,244.343877807,98.0861996773,0.3390775801806559,
249,0,3,0.0,0.30434782608695654,10,0.0,244.666995511,98.0002069666,0.29648273524501995,
250,0,3,-0.6000000000000001,0.043478260869565216,10,0.0,244.896314795,97.8829852088,0.3619400480191795,
251,0,3,-0.6000000000000001,-0.08695652173913043,10,0.0,245.271936513,97.6618981518,0.46150814125799544,
252,0,3,-0.4,-0.043478260869565216,10,0.0,245.562756977,97.2909353787,0.43039157539044354,
253,0,3,-0.4,0.0,10,0.0,245.848555074,96.9493075349,0.4556570023635875,
254,0,3,-0.6000000000000001,-0.043478260869565216,10,0.0,246.196055474,96.7028024516,0.4129958471928668,
255,0,3,-0.2,-0.043478260869565216,11,0.0,246.513563082,96.4587566957,0.4200790489853069,
256,0,3,0,0,11,0.0,240.084316025,100.079538669,0.09504463569618744,
257,0,3,0.8,0.0,11,0.0,240.005378516,100.111250962,0.25448131700080306,
258,0,3,0.8,0.043478260869565216,11,0.0,240.252706014,100.000992172,0.2893274358141996,
259,0,3,-0.4,0.0,11,0.0,240.554948968,100.031742361,0.37398057084512515,
260,0,3,0.2,0.0,11,0.0,240.936268188,99.9190828926,0.4657500355387307,
261,0,3,0.6000000000000001,0.043478260869565216,11,0.0,241.335735197,99.7076230564,0.36417157681444035,
262,0,3,0.2,0.043478260869565216,11,0.0,241.697664896,99.655995122,0.39695277263665185,
263,0,3,0.8,0.0,11,0.0,242.072437458,99.5953380863,0.31157028190188607,
264,0,3,-0.2,0.30434782608695654,11,0.0,242.366717383,99.5998643661,0.21196479700186033,
265,0,3,-0.2,0.17391304347826086,11,0.0,242.560379993,99.5646959719,0.17754980912095064,
266,0,3,0.0,0.0,11,0.0,242.856432774,99.5096371329,0.48574742351576394,
267,0,3,-0.6000000000000001,0.043478260869565216,11,0.0,243.290857967,99.435272128,0.3811725526846031,
268,0,3,-0.4,-0.043478260869565216,11,0.0,243.602506083,99.1726528447,0.4598457516763116,
269,0,3,-0.2,-0.043478260869565216,11,0.0,243.90639533,98.817808554,0.42087514344485993,
270,0,3,0.0,0.043478260869565216,11,0.0,244.203271659,98.5581853278,0.3912936221213909,
271,0,3,0.0,-0.043478260869565216,11,0.0,244.537152056,98.4072576359,0.3748100718261411,
272,0,3,-0.2,0.043478260869565216,11,0.0,244.898109235,98.3087613099,0.4326752994953174,
273,0,3,-0.6000000000000001,0.043478260869565216,11,0.0,245.301474577,98.1214832198,0.4072522898317626,
274,0,3,-0.4,-0.08695652173913043,11,0.0,245.589648857,97.8334198318,0.4496245771882935,
275,0,3,-0.4,0.0,11,0.0,245.874403586,97.4834790412,0.46959150807674077,
276,0,3,-0.2,-0.043478260869565216,11,0.0,246.225090711,97.1244207753,0.4126361497699503,
277,0,3,-0.2,-0.08695652173913043,11,0.0,246.530058877,96.9482433935,0.31306341046851727,
278,0,3,0.0,-0.043478260869565216,11,0.0,246.830463525,96.823759402,0.34720624486311963,
279,0,3,0.2,0.043478260869565216,11,0.0,247.177039033,96.6977558758,0.40960048552521167,
280,0,3,-0.6000000000000001,-0.043478260869565216,11,0.0,247.566503821,96.6844229569,0.36633535873313844,
281,0,3,-0.4,0.043478260869565216,11,0.0,247.889196516,96.5075956068,0.4389263153295733,
282,0,3,-0.2,-0.043478260869565216,12,0.0,248.267940557,96.1914632745,0.4972916280167302,
283,0,3,0,0,12,0.0,240.085588842,100.08143783,0.10993551622529552,
284,0,3,0.4,0.0,12,0.0,240.005944271,100.111844786,0.2705289996404027,
285,0,3,-0.4,-0.043478260869565216,12,0.0,240.328656092,100.014869066,0.4096138411731246,
286,0,3,-0.6000000000000001,0.043478260869565216,12,0.0,240.667004175,99.7983711213,0.43268929146727186,
287,0,3,-0.6000000000000001,0.0,12,0.0,240.969895886,99.4241602812,0.5405756523490499,
288,0,3,-0.6000000000000001,0.043478260869565216,12,0.0,241.205295154,98.9372994501,0.545569274329457,
289,0,3,-0.6000000000000001,0.08695652173913043,12,0.0,241.420081813,98.4075414308,0.5115722341094091,
290,0,3,-0.6000000000000001,0.0,12,0.0,241.672106386,97.9724290007,0.4848525775216482,
291,0,3,-0.4,-0.08695652173913043,12,0.0,241.939785456,97.6411537008,0.3406785933172342,
292,0,3,-0.4,-0.043478260869565216,13,0.0,242.193299115,97.4406424887,0.3532347466930774,
293,0,3,0,0,13,0.0,240.084099467,100.080312258,0.09481534761514361,
294,0,3,0.0,0.0,13,0.0,240.033400195,100.111396751,0.2993553812361014,
295,0,3,-0.4,0.043478260869565216,13,0.0,240.371285817,99.9514990142,0.43880609999692255,
296,0,3,0.0,-0.043478260869565216,13,0.0,240.704047522,99.6518373602,0.4537620539257553,
297,0,3,0.2,0.0,13,0.0,241.027083377,99.4460586457,0.28716467539922697,
298,0,3,-0.6000000000000001,-0.043478260869565216,13,0.0,241.303988276,99.4056024725,0.33548603310387987,
299,0,3,-0.2,0.0,13,0.0,241.618524487,99.2026549439,0.4607825746717789,
300,0,3,0.2,-0.043478260869565216,13,0.0,241.977370349,98.8945614875,0.4111154163276429,
301,0,3,-0.4,0.043478260869565216,13,0.0,242.35073583,98.7258998471,0.42843711032000675,
302,0,3,-0.2,0.0,13,0.0,242.755137091,98.5047317628,0.4825880566336712,
303,0,3,0.2,0.0,13,0.0,243.158157814,98.2692810774,0.42706180333694205,
304,0,3,-0.4,0.0,13,0.0,243.560689103,98.1591396133,0.442665466347885,
305,0,3,-0.4,0.0,13,0.0,243.968957619,97.9467795765,0.47950375976654175,
306,0,3,-0.4,0.0,13,0.0,244.324307022,97.6037919001,0.5250286293171557,
307,0,3,-0.4,0.043478260869565216,13,0.0,244.680994507,97.2277957509,0.5108938153299967,
308,0,3,-0.4,0.08695652173913043,14,0.0,245.036809852,96.8892159236,0.48053892554327504,
309,0,3,0,0,14,0.0,240.086715415,100.055005346,0.07947728055307998,
310,0,3,0.8,-0.043478260869565216,14,0.0,240.041780131,100.108137384,0.2412465697567321,
311,0,3,0.8,-0.043478260869565216,14,0.0,240.290547932,100.055764929,0.2732071349227221,
312,0,3,-0.4,0.0,14,0.0,240.609972262,100.101732096,0.3465958868978432,
313,0,3,-0.2,0.08695652173913043,14,0.0,240.958201181,99.9732637157,0.3428178494460449,
314,0,3,-0.2,0.043478260869565216,14,0.0,241.310771338,99.756179559,0.5429456390006372,
315,0,3,0.2,-0.08695652173913043,14,0.0,241.740350548,99.5537474727,0.3567204216062377,
316,0,3,0.0,-0.08695652173913043,14,0.0,242.026625133,99.5077755316,0.27990482106907266,
317,0,3,-0.2,0.043478260869565216,14,0.0,242.342999335,99.3832634366,0.4132178118827217,
318,0,3,0.0,0.043478260869565216,14,0.0,242.747724247,99.1470846242,0.5128378313845896,
319,0,3,0.0,-0.08695652173913043,14,0.0,243.180800949,98.922833055,0.43362193460638965,
320,0,3,0.0,-0.08695652173913043,14,0.0,243.524356896,98.8137813208,0.322562792457095,
321,0,3,0.0,0.043478260869565216,14,0.0,243.848147721,98.652245143,0.4317713861622021,
322,0,3,-0.6000000000000001,0.043478260869565216,14,0.0,244.276200528,98.474858346,0.4636457732078255,
323,0,3,-0.6000000000000001,-0.13043478260869565,14,0.0,244.652897557,98.1828538638,0.3883485229077901,
324,0,3,-0.6000000000000001,-0.043478260869565216,14,0.0,244.879004113,97.8789073752,0.43989746922702344,
325,0,3,-0.6000000000000001,-0.043478260869565216,14,0.0,245.126107309,97.4732366777,0.48618557626935893,
326,0,3,-0.6000000000000001,0.0,14,0.0,245.409845245,97.0953495474,0.48847791397314855,
327,0,3,-0.4,0.0,15,0.0,245.740424269,96.7443266845,0.47948007337826215,
328,0,3,0,0,15,0.0,240.068672084,100.083684599,0.07845212923734982,
329,0,3,0.4,0.0,15,0.0,239.973284973,100.101086306,0.25577425869194315,
330,0,3,0.8,0.043478260869565216,15,0.0,240.259738786,99.9924299646,0.3058017561710067,
331,0,3,-0.4,0.0,15,0.0,240.564904287,100.036688041,0.3453849191743099,
332,0,3,-0.2,0.0,15,0.0,240.924258543,99.9144221006,0.40530065216523437,
333,0,3,0.4,-0.043478260869565216,15,0.0,241.26904805,99.674068319,0.3709660423709426,
334,0,3,0.4,-0.043478260869565216,15,0.0,241.560518897,99.5733534935,0.25103889909511456,
335,0,3,-0.4,0.043478260869565216,15,0.0,241.857293779,99.5092048636,0.387282516657953,
336,0,3,-0.2,0.043478260869565216,15,0.0,242.226506127,99.2968601161,0.4986357752360974,
337,0,3,0.0,-0.043478260869565216,15,0.0,242.643125827,99.0159446473,0.4740994173029117,
338,0,3,0.2,-0.08695652173913043,15,0.0,242.99933232,98.825248275,0.31287394187887285,
339,0,3,0.6000000000000001,-0.08695652173913043,15,0.0,243.256152409,98.7781562612,0.21626329156262397,
340,0,3,-0.6000000000000001,0.0,15,0.0,243.503449756,98.7354057141,0.30983106009608036,
341,0,3,-0.2,0.0,15,0.0,243.837711696,98.5920154414,0.46106784486582075,
342,0,3,-0.2,-0.043478260869565216,15,0.0,244.27035064,98.2859578326,0.4840357858983138,
343,0,3,0.0,0.0,15,0.0,244.617605108,97.9822539722,0.4244962171996494,
344,0,3,0.2,-0.043478260869565216,15,0.0,244.946937955,97.8093592454,0.29181794107598985,
345,0,3,-0.8,0.043478260869565216,15,0.0,245.239957178,97.730711269,0.347123235770485,
346,0,3,-0.4,0.0,15,0.0,245.563033413,97.5097795687,0.4823610857220239,
347,0,3,-0.4,0.043478260869565216,15,0.0,245.873593147,97.1113530414,0.5260122394043629,
348,0,3,-0.4,0.0,15,0.0,246.177278844,96.6843492926,0.49022920987029717,
349,0,3,-0.4,0.0,16,0.0,246.502206686,96.3834032588,0.41932928379035805,
350,0,3,0,0,16,0.0,240.07872046,100.074177901,0.07538646113781744,
351,0,3,0.2,-0.043478260869565216,16,0.0,239.994767728,100.153945708,0.20730190962420106,
352,0,3,0.2,-0.043478260869565216,16,0.0,240.338398278,100.035989088,0.4185054630964291,
353,0,3,0.6000000000000001,0.0,16,0.0,240.715256509,99.9191373363,0.31585038379165714,
354,0,3,-0.4,0.0,16,0.0,241.024220989,99.9423496192,0.3390424023495517,
355,0,3,-0.4,0.0,16,0.0,241.332878597,99.8207968748,0.35651539062096904,
356,0,3,-0.2,-0.043478260869565216,16,0.0,241.639099297,99.5678184672,0.46705979637704503,
357,0,3,0.0,0.0,16,0.0,241.951504526,99.2408773229,0.3867538265443779,
358,0,3,-0.2,0.043478260869565216,16,0.0,242.28520465,99.0453754942,0.4356298769889476,
359,0,3,0.0,-0.043478260869565216,16,0.0,242.678634169,98.8707252397,0.4273256895113376,
360,0,3,0.0,0.043478260869565216,16,0.0,243.059804593,98.7140596265,0.43809949492480077,
361,0,3,0.2,0.0,16,0.0,243.485535196,98.5861788606,0.453347846932695,
362,0,3,-0.4,0.0,16,0.0,243.932913488,98.5233267625,0.3896008962156032,
363,0,3,-0.6000000000000001,0.0,16,0.0,244.281091484,98.3174052567,0.4358216973547279,
364,0,3,-0.2,-0.08695652173913043,16,0.0,244.585257435,97.9810634767,0.4600243056217005,
365,0,3,0.0,-0.043478260869565216,16,0.0,244.874482232,97.7054294658,0.3230774205772114,
366,0,3,0.0,-0.043478260869565216,16,0.0,245.142193032,97.5496772119,0.32259706283011724,
367,0,3,0.2,0.0,16,0.0,245.461731086,97.4333005013,0.37835334904733636,
368,0,3,0.0,-0.043478260869565216,16,0.0,245.849318463,97.3906865734,0.4226690433334663,
369,0,3,0.8,-0.043478260869565216,16,0.0,246.233172302,97.3154606414,0.30372935195992956,
370,0,3,-0.4,-0.043478260869565216,16,0.0,246.518632684,97.4010408088,0.33488925430867367,
371,0,3,0.0,0.13043478260869565,16,0.0,246.869520657,97.3102817554,0.37962451139339953,
372,0,3,-0.4,0.043478260869565216,16,0.0,247.253384674,97.1160782796,0.5099537001114398,
373,0,3,-0.2,-0.043478260869565216,16,0.0,247.702492486,96.9101571344,0.4777931792841638,
374,0,3,0.0,-0.043478260869565216,16,0.0,248.064085122,96.6607012473,0.38729262836984013,
375,0,3,0.4,-0.043478260869565216,16,0.0,248.390129978,96.536226097,0.28009714312812783,
376,0,3,0.6000000000000001,0.043478260869565216,16,0.0,248.664121946,96.4824426725,0.2951397947309658,
377,0,3,0.8,0.0,16,0.0,248.952594658,96.5054790754,0.298276936249574,
378,0,3,-0.2,0.0,16,0.0,249.234506179,96.5671486635,0.30445669787449015,
379,0,3,0.2,0.0,16,0.0,249.576751411,96.6113502965,0.3998345746945542,
380,0,3,0.4,0.043478260869565216,16,0.0,249.995855121,96.6236401943,0.4556400748677757,
381,0,3,-0.4,0.043478260869565216,16,0.0,250.40729216,96.7193732102,0.31700772737647187,
382,0,3,0.0,0.043478260869565216,16,0.0,250.71233678,96.6588907455,0.3686634408947703,
383,0,3,0.0,0.043478260869565216,16,0.0,251.183764572,96.5284059555,0.557643093456297,
384,0,3,0.6000000000000001,0.043478260869565216,16,0.0,251.606782769,96.4381027305,0.3255738453025365,
385,0,3,-0.6000000000000001,0.0,16,0.0,251.916983404,96.4936331792,0.3253556551089927,
386,0,3,-0.4,0.0,16,0.0,252.246301608,96.3835400506,0.40360476407577023,
387,0,3,0.0,0.043478260869565216,16,0.0,252.59353392,96.1121347727,0.4800058780057755,
388,0,3,-0.2,0.0,16,0.0,252.989723132,95.8710225034,0.4258042511269078,
389,0,3,-0.2,-0.08695652173913043,16,0.0,253.3465962,95.7663573778,0.3464333747655109,
390,0,3,0.0,0.043478260869565216,16,0.0,253.679910267,95.6336016358,0.40702297780214697,
391,0,3,0.0,0.043478260869565216,16,0.0,254.100860921,95.5308703798,0.4551689186299038,
392,0,3,0.0,0.043478260869565216,16,0.0,254.570817811,95.4589630997,0.4288904330747507,
393,0,3,-0.8,0.0,16,0.0,254.982885039,95.4530689542,0.3635063583171423,
394,0,3,-0.8,0.043478260869565216,16,0.0,255.303532074,95.2696814574,0.42415103857374203,
395,0,3,-0.6000000000000001,-0.08695652173913043,16,0.0,255.639671029,94.9622184843,0.4635040397166663,
396,0,3,-0.6000000000000001,0.0,16,0.0,255.940721031,94.6269451109,0.4652096081133118,
397,0,3,-0.6000000000000001,0.0,17,0.0,256.272488735,94.2920557399,0.4793237412873737,
398,0,3,0,0,17,0.0,240.088336778,100.082854444,0.11447453225826384,
399,0,3,0.0,0.0,17,0.0,240.050392254,100.113682384,0.3144608534558562,
400,0,3,0.0,0.043478260869565216,17,0.0,240.409250367,99.9455770529,0.47419225350974337,
401,0,3,0.4,0.043478260869565216,17,0.0,240.834854618,99.6747360484,0.41222578614575295,
402,0,3,-0.8,-0.043478260869565216,17,0.0,241.194038961,99.6219283674,0.3319639149166312,
403,0,3,-0.4,0.0,17,0.0,241.482583876,99.4250590553,0.4430507590194111,
404,0,3,0.0,0.0,17,0.0,241.79516795,99.0480417668,0.4793510647988786,
405,0,3,0.2,0.0,17,0.0,242.104634711,98.7994808171,0.2980707924609228,
406,0,3,0.0,-0.043478260869565216,17,0.0,242.385396297,98.7198024933,0.3418214055546379,
407,0,3,0.2,0.0,17,0.0,242.749627098,98.5861081782,0.41402759956490126,
408,0,3,-0.4,0.0,17,0.0,243.156605749,98.507117783,0.43513912295441953,
409,0,3,-0.2,0.0,17,0.0,243.546102077,98.294356327,0.4819651069361725,
410,0,3,-0.2,-0.043478260869565216,17,0.0,243.956198491,98.005960736,0.4983844372032042,
411,0,3,-0.2,0.0,17,0.0,244.325788898,97.7140144669,0.45371261757309156,
412,0,3,0.0,0.043478260869565216,17,0.0,244.679915668,97.4643265802,0.38407727634387884,
413,0,3,0.0,-0.043478260869565216,17,0.0,245.051190696,97.3751355016,0.3573091608745534,
414,0,3,0.4,-0.043478260869565216,17,0.0,245.40222864,97.3342878155,0.36632801793307307,
415,0,3,0.0,0.0,17,0.0,245.799925679,97.3478402374,0.448481844703695,
416,0,3,-0.2,0.043478260869565216,17,0.0,246.229001717,97.2600164136,0.3660142242878031,
417,0,3,-0.4,0.043478260869565216,17,0.0,246.626786983,97.0713002647,0.5307305696294606,
418,0,3,-0.2,-0.08695652173913043,17,0.0,247.07575906,96.8374444345,0.449355495196902,
419,0,3,0.0,-0.08695652173913043,17,0.0,247.383691385,96.6385222329,0.28218318220836014,
420,0,3,-0.2,-0.043478260869565216,17,0.0,247.669367032,96.5411741876,0.359271388695019,
421,0,3,-0.2,0.043478260869565216,17,0.0,248.036596437,96.3829345973,0.4549918078827384,
422,0,3,0.2,0.043478260869565216,17,0.0,248.451260123,96.1850446793,0.44630763664910994,
423,0,3,-0.2,0.043478260869565216,17,0.0,248.904004886,96.0964901909,0.440869161813137,
424,0,3,0.0,0.043478260869565216,18,0.0,249.340804748,95.966780044,0.46918811845826425,
425,0,3,0,0,18,0.0,240.102715517,100.027173702,0.2192396542354482,
426,0,3,0.0,0.0,18,0.0,240.157278732,100.001559166,0.3963704422433375,
427,0,3,0.2,0.043478260869565216,18,0.0,240.553458672,99.8482203998,0.44563412834554306,
428,0,3,0.2,0.043478260869565216,18,0.0,240.979026117,99.7488504204,0.45184834172901006,
429,0,3,0.2,0.043478260869565216,18,0.0,241.409807795,99.6728721027,0.441543871029467,
430,0,3,-0.4,0.0,18,0.0,241.829431118,99.6586965606,0.36977126382700015,
431,0,3,-0.6000000000000001,0.043478260869565216,18,0.0,242.143058215,99.4983871622,0.3697851990111451,
432,0,3,-0.4,-0.08695652173913043,18,0.0,242.430410701,99.2175052973,0.45985752903226923,
433,0,3,-0.4,0.0,18,0.0,242.683837538,98.8161572239,0.4942162994636712,
434,0,3,-0.6000000000000001,0.043478260869565216,18,0.0,243.008590621,98.3647894291,0.5324772041667368,
435,0,3,-0.4,-0.043478260869565216,18,0.0,243.31222807,97.9492930096,0.47148856976169085,
436,0,3,-0.2,-0.043478260869565216,18,0.0,243.606446748,97.6389957467,0.38341521202897116,
437,0,3,0.0,-0.08695652173913043,18,0.0,243.893825371,97.4499597875,0.30214982570943266,
438,0,3,0.2,-0.043478260869565216,18,0.0,244.161430641,97.3398516143,0.2973674750336219,
439,0,3,0.0,0.043478260869565216,18,0.0,244.506634814,97.2441712096,0.4415088222112866,
440,0,3,-0.2,0.043478260869565216,18,0.0,244.941909906,97.1179069894,0.4845107421049554,
441,0,3,-0.2,0.043478260869565216,18,0.0,245.376457222,96.9065265391,0.49508131007248046,
442,0,3,-0.2,-0.08695652173913043,19,0.0,245.810263615,96.666615562,0.43018048831073935,
443,0,3,0,0,19,0.0,240.085170317,100.081488511,0.10184683764221877,
444,0,3,0.0,0.0,19,0.0,240.040135029,100.108662806,0.3085267242198452,
445,0,3,-0.2,0.043478260869565216,19,0.0,240.395507476,99.9499606553,0.46664087810186317,
446,0,3,-0.4,-0.043478260869565216,19,0.0,240.804541175,99.6961786495,0.5054758634991714,
447,0,3,-0.2,0.043478260869565216,19,0.0,241.111208209,99.3054175457,0.5029624354626487,
448,0,3,0.0,0.043478260869565216,19,0.0,241.442976031,98.9192981399,0.4150320901015873,
449,0,3,0.2,0.0,19,0.0,241.763362562,98.757121999,0.32279901104456465,
450,0,3,-0.2,0.0,19,0.0,242.089695292,98.6636245976,0.4047026916330877,
451,0,3,-0.2,0.043478260869565216,19,0.0,242.498068805,98.4920438198,0.48264085592737205,
452,0,3,-0.2,0.0,19,0.0,242.939423027,98.2679092314,0.5064905856088396,
453,0,3,-0.2,0.043478260869565216,19,0.0,243.32864072,97.9464494754,0.50781025696456,
454,0,3,-0.2,-0.08695652173913043,19,0.0,243.725094248,97.648206299,0.44734933381720104,
455,0,3,0.0,-0.08695652173913043,19,0.0,244.041158573,97.4694724103,0.2863159819009683,
456,0,3,0.0,-0.043478260869565216,19,0.0,244.319727902,97.3860036438,0.32765066558881606,
457,0,3,0.4,-0.08695652173913043,19,0.0,244.668580539,97.332182635,0.3128920776819857,
458,0,3,0.8,0.0,19,0.0,244.976432075,97.3292343768,0.3002593339194457,
459,0,3,-0.2,0.043478260869565216,19,0.0,245.256920125,97.3823902665,0.28796897535732496,
460,0,3,-0.2,0.0,19,0.0,245.529648757,97.4068920412,0.2708146189414152,
461,0,3,-0.4,-0.043478260869565216,19,0.0,245.890815937,97.3560596637,0.447107839856309,
462,0,3,-0.2,0.0,19,0.0,246.296886193,97.1922864587,0.5005544268874228,
463,0,3,-0.4,0.08695652173913043,19,0.0,246.680073096,96.8713384415,0.5017392457905049,
464,0,3,-0.4,0.043478260869565216,20,0.0,247.027442896,96.4759260682,0.5157662863947297,
465,0,3,0,0,20,0.0,240.082275921,100.076016353,0.07289183092996329,
466,0,3,0.2,0.0,20,0.0,239.995418276,100.123454044,0.24617136935700396,
467,0,3,0.8,-0.043478260869565216,20,0.0,240.333433314,99.9860413207,0.3109717708377207,
468,0,3,0.8,-0.043478260869565216,20,0.0,240.606369368,100.000141847,0.2704311193385645,
469,0,3,0.0,0.043478260869565216,20,0.0,240.89154899,100.001410369,0.3323553407448979,
470,0,3,1.0,0.043478260869565216,20,0.0,241.25949717,99.9889940075,0.365670750717685,
471,0,3,0.2,0.043478260869565216,20,0.0,241.592867098,100.161405922,0.4408622442673198,
472,0,3,0.0,0.0,20,0.0,241.96973864,100.327613976,0.32696513100920743,
473,0,3,0.0,0.0,20,0.0,242.279650098,100.343583825,0.32825313315217036,
474,0,3,0.0,-0.4782608695652174,20,0.0,242.62191266,100.294379109,0.3837395743418326,
475,0,3,-0.4,-0.21739130434782608,20,0.0,243.030622063,100.234308471,0.3740011708637359,
476,0,3,-0.2,-0.17391304347826086,20,0.0,243.289394993,100.180763177,0.24432724036850706,
477,0,3,-0.2,-0.08695652173913043,20,0.0,243.513048358,100.050071344,0.29939151794135993,
478,0,3,0.0,-0.043478260869565216,20,0.0,243.830439483,99.8191036621,0.4161642055382305,
479,0,3,0.0,0.0,20,0.0,244.192794066,99.5964754134,0.4481314367051053,
480,0,3,0.4,-0.043478260869565216,20,0.0,244.574912906,99.444982093,0.34715223106914284,
481,0,3,-0.4,-0.08695652173913043,20,0.0,244.896284587,99.4375063249,0.3360646256690053,
482,0,3,-0.2,-0.043478260869565216,20,0.0,245.224250751,99.2845979853,0.42568685118572336,
483,0,3,-0.6000000000000001,0.0,20,0.0,245.590605921,99.0074895511,0.4764780473271261,
484,0,3,-0.4,0.043478260869565216,20,0.0,245.826506905,98.5784818305,0.5173713927512351,
485,0,3,-0.6000000000000001,-0.08695652173913043,20,0.0,246.073838941,98.1273736398,0.47232151192628236,
486,0,3,-0.6000000000000001,-0.08695652173913043,20,0.0,246.315901806,97.816300735,0.35202457154514494,
487,0,3,-0.4,-0.043478260869565216,20,0.0,246.549554565,97.5362220348,0.40344220421385946,
488,0,3,-0.2,0.0,20,0.0,246.829749608,97.2256447493,0.4317567480356058,
489,0,3,0.0,0.0,20,0.0,247.180984191,96.9857143381,0.34257459017680264,
490,0,3,0.0,-0.043478260869565216,20,0.0,247.495254462,96.8990360977,0.3379776625680364,
491,0,3,0.2,-0.043478260869565216,20,0.0,247.849882068,96.8377783532,0.37314352384238364,
492,0,3,0.2,-0.043478260869565216,20,0.0,248.236577185,96.8598955885,0.4176713398752033,
493,0,3,0.0,0.043478260869565216,20,0.0,248.652034836,96.8551262984,0.40629356981818543,
494,0,3,-0.2,0.043478260869565216,20,0.0,249.054556579,96.8472533896,0.3709228915599349,
495,0,3,-0.6000000000000001,0.0,20,0.0,249.440246885,96.7264009931,0.436714801237328,
496,0,3,-0.4,0.0,20,0.0,249.792295971,96.4784440919,0.5114682248942878,
497,0,3,-0.4,0.043478260869565216,20,0.0,250.116465102,96.0747090239,0.49665531292633724,
498,0,3,-0.4,0.0,21,0.0,250.456477306,95.7349699444,0.453303949392173,
499,0,3,0,0,21,0.0,240.065053851,100.082237005,0.06947048143198561,
500,0,3,0.0,0.0,21,0.0,239.980817328,100.098289575,0.25731425008819336,
501,0,3,-0.2,0.0,21,0.0,240.327978435,99.9721687736,0.4508576587284884,
502,0,3,-0.2,0.043478260869565216,21,0.0,240.721373813,99.6929563804,0.5146508125288392,
503,0,3,0.0,-0.08695652173913043,21,0.0,241.135985783,99.4371862268,0.3986671384860491,
504,0,3,0.0,-0.08695652173913043,21,0.0,241.455743374,99.3453767099,0.30871683434871033,
505,0,3,0.2,0.0,21,0.0,241.784018636,99.2209912908,0.4134368557187996,
506,0,3,-0.2,0.043478260869565216,21,0.0,242.187301205,99.0762991209,0.4736059753211677,
507,0,3,-0.4,0.043478260869565216,21,0.0,242.621169472,98.8690639228,0.4907788003048833,
508,0,3,-0.2,-0.08695652173913043,21,0.0,243.013769294,98.5676916931,0.4748531945272565,
509,0,3,0.0,-0.043478260869565216,21,0.0,243.32317044,98.3164929588,0.3114640503348936,
510,0,3,0.0,-0.043478260869565216,21,0.0,243.627884811,98.1708767291,0.35382105454142637,
511,0,3,0.0,0.0,21,0.0,243.978172201,98.0447216258,0.4125219335830878,
512,0,3,0.4,0.0,21,0.0,244.376019153,97.9570689163,0.39651187696830675,
513,0,3,-0.2,-0.043478260869565216,21,0.0,244.76792273,97.9683001881,0.4132722217491791,
514,0,3,-0.4,-0.043478260869565216,21,0.0,245.147622541,97.8835370954,0.35404147617528664,
515,0,3,-0.4,0.043478260869565216,21,0.0,245.439221334,97.6274367262,0.47783947276476846,
516,0,3,-0.4,0.0,21,0.0,245.798837837,97.2650805614,0.5049302459307006,
517,0,3,-0.2,0.0,21,0.0,246.143328727,96.9639095823,0.4150252009334212,
518,0,3,0.0,-0.08695652173913043,21,0.0,246.47643702,96.8031725074,0.3123272965788686,
519,0,3,0.4,0.043478260869565216,21,0.0,246.737014629,96.6938200046,0.27797919870594545,
520,0,3,-0.4,-0.043478260869565216,21,0.0,247.036978236,96.7108865682,0.3883188749115885,
521,0,3,-0.4,-0.043478260869565216,21,0.0,247.456757478,96.6501438527,0.38259361772452866,
522,0,3,-0.4,0.043478260869565216,21,0.0,247.808620963,96.415535893,0.4924529583383048,
523,0,3,-0.2,-0.08695652173913043,22,0.0,248.201167472,96.1236111791,0.4167934875123274,
524,0,3,0,0,22,0.0,240.049423095,100.085525721,0.12526846173914982,
525,0,3,0.0,-0.043478260869565216,22,0.0,239.89780689,100.15693281,0.13723143918796044,
526,0,3,0.6000000000000001,-0.043478260869565216,22,0.0,240.153187559,100.039938966,0.33534325810910665,
527,0,3,0.8,0.043478260869565216,22,0.0,240.474390896,99.9891658224,0.30968348262224593,
528,0,3,-0.4,-0.4782608695652174,22,0.0,240.753919626,99.9936450597,0.27398603816712824,
529,0,3,-0.2,0.13043478260869565,22,0.0,241.01435194,99.9424511068,0.2880373690389567,
530,0,3,-0.4,0.043478260869565216,22,0.0,241.332977768,99.8161530878,0.44686565955733626,
531,0,3,-0.2,-0.13043478260869565,22,0.0,241.735856853,99.6379766941,0.40992193441462216,
532,0,3,-0.2,-0.08695652173913043,22,0.0,242.045867828,99.4616254332,0.3220483653178698,
533,0,3,-0.2,-0.043478260869565216,22,0.0,242.354951828,99.2576311043,0.4309410261464999,
534,0,3,0.0,0.0,22,0.0,242.713066547,98.9889881758,0.46350491405600147,
535,0,3,0.4,0.0,22,0.0,243.068412704,98.769896924,0.3197546874205906,
536,0,3,-0.2,0.043478260869565216,22,0.0,243.384539981,98.7016274355,0.4121236035630127,
537,0,3,-0.4,0.043478260869565216,22,0.0,243.800291809,98.5400518371,0.4524067194371837,
538,0,3,-0.2,0.0,22,0.0,244.140605266,98.2256216148,0.5160091975664877,
539,0,3,0.0,0.043478260869565216,22,0.0,244.466135405,97.8612766547,0.420319145425207,
540,0,3,-0.2,0.043478260869565216,22,0.0,244.799906485,97.66383645,0.4009290224866531,
541,0,3,0.0,-0.043478260869565216,22,0.0,245.212648521,97.5366824154,0.3972090716186797,
542,0,3,0.0,0.043478260869565216,22,0.0,245.598705353,97.4190469143,0.45252424647295847,
543,0,3,0.0,0.043478260869565216,22,0.0,246.038696088,97.255494602,0.4871291092107001,
544,0,3,-0.6000000000000001,0.043478260869565216,22,0.0,246.47724763,97.091412904,0.43818624244579163,
545,0,3,-0.4,-0.08695652173913043,22,0.0,246.828559275,96.8172551534,0.4401391910401782,
546,0,3,-0.2,-0.08695652173913043,22,0.0,247.131275793,96.5580779967,0.353434496648549,
547,0,3,0.0,-0.043478260869565216,23,0.0,247.425399006,96.378464382,0.33884891698901937,
548,0,3,0,0,23,0.0,240.09834973,100.061629894,0.1289135536876931,
549,0,3,0.2,0.0,23,0.0,240.108740767,100.058655424,0.3645334531243834,
550,0,3,-0.6000000000000001,0.043478260869565216,23,0.0,240.472789961,99.9503777691,0.3808646441384967,
551,0,3,-0.2,0.0,23,0.0,240.778567254,99.6930736338,0.508271212155957,
552,0,3,0.0,0.0,23,0.0,241.096405899,99.3103548845,0.4308660712838947,
553,0,3,0.0,0.043478260869565216,23,0.0,241.423998454,99.0738014014,0.35885268227162315,
554,0,3,0.2,-0.043478260869565216,23,0.0,241.759105117,98.977245735,0.35916048453393934,
555,0,3,-0.2,0.043478260869565216,23,0.0,242.119074096,98.9073041867,0.41840666206847554,
556,0,3,-0.2,0.043478260869565216,23,0.0,242.525891633,98.7019773573,0.4951719273283029,
557,0,3,-0.2,-0.043478260869565216,23,0.0,242.919937439,98.3911594704,0.5084503542385588,
558,0,3,-0.2,0.0,23,0.0,243.271870445,98.0686451034,0.4597037644984156,
559,0,3,-0.2,0.0,23,0.0,243.629632654,97.8023218924,0.42032207486717515,
560,0,3,0.4,-0.043478260869565216,23,0.0,243.956531082,97.6500616656,0.28218121673589414,
561,0,3,0.6000000000000001,0.0,23,0.0,244.217793759,97.6093583976,0.2653165467179651,
562,0,3,-0.4,-0.043478260869565216,23,0.0,244.528935103,97.6612809612,0.3662787554830666,
563,0,3,0.0,0.43478260869565216,23,0.0,244.884296967,97.6395466394,0.33046810956659917,
564,0,3,0.0,0.0,23,0.0,245.180278647,97.5098764944,0.4078165100904702,
565,0,3,-0.6000000000000001,0.043478260869565216,23,0.0,245.607247164,97.3672894761,0.4564763060576913,
566,0,3,-0.4,-0.043478260869565216,23,0.0,245.966906499,97.0795800924,0.49382369683561606,
567,0,3,-0.4,-0.043478260869565216,23,0.0,246.28982454,96.712107623,0.45735430412440875,
568,0,3,-0.2,0.0,24,0.0,246.601690382,96.4071962026,0.4335176259104685,
569,0,3,0,0,24,0.0,240.074516957,100.07083753,0.09554451740511459,
570,0,3,0.2,0.0,24,0.0,240.02507,100.122182901,0.27269177670448075,
571,0,3,0.4,0.0,24,0.0,240.354996085,99.9851552948,0.40558635987778247,
572,0,3,-0.6000000000000001,0.043478260869565216,24,0.0,240.776961391,99.9714718994,0.3678584056471681,
573,0,3,-0.4,0.043478260869565216,24,0.0,241.098451298,99.7830096213,0.4312708053548281,
574,0,3,-0.4,0.0,24,0.0,241.429945063,99.4472564419,0.5226028722459833,
575,0,3,-0.2,0.043478260869565216,24,0.0,241.685216369,99.0031388124,0.48079262994624816,
576,0,3,0.0,0.043478260869565216,24,0.0,241.951069089,98.6741485036,0.33491189945791433,
577,0,3,0.0,-0.08695652173913043,24,0.0,242.199364855,98.5615428787,0.2603347005541553,
578,0,3,-0.4,-0.08695652173913043,24,0.0,242.454632105,98.5075956512,0.29707589945862267,
579,0,3,-0.2,0.043478260869565216,24,0.0,242.752926585,98.3226541276,0.44273626905168545,
580,0,3,0.2,-0.043478260869565216,24,0.0,243.179743043,98.0707337097,0.3758912650489195,
581,0,3,0.2,-0.043478260869565216,24,0.0,243.489735569,98.004659757,0.2862186771841324,
582,0,3,0.6000000000000001,0.0,24,0.0,243.794388153,97.950658312,0.3105765013293634,
583,0,3,-0.4,0.4782608695652174,24,0.0,244.055440645,98.0130368174,0.24250261287525296,
584,0,3,-0.2,0.08695652173913043,24,0.0,244.285356452,97.9788724495,0.23578434550198543,
585,0,3,0.0,0.0,24,0.0,244.63993717,97.8728193279,0.5253474910913171,
586,0,3,0.0,0.043478260869565216,24,0.0,245.110453371,97.7583391408,0.4881861000566797,
587,0,3,0.0,0.043478260869565216,24,0.0,245.544965294,97.5747345789,0.4466982894986531,
588,0,3,0.0,0.043478260869565216,24,0.0,245.974179129,97.439024231,0.4511134474636756,
589,0,3,0.0,0.043478260869565216,24,0.0,246.409553103,97.3396431586,0.45611742782703724,
590,0,3,0.0,0.043478260869565216,24,0.0,246.853844511,97.2039556125,0.46487930512672804,
591,0,3,0.0,0.043478260869565216,24,0.0,247.29179001,97.0530511759,0.4593788441834306,
592,0,3,0.0,0.043478260869565216,24,0.0,247.757334389,96.9435104688,0.4432516270838829,
593,0,3,0.0,0.043478260869565216,24,0.0,248.192817997,96.8781682016,0.4521711125526353,
594,0,3,-0.2,0.0,24,0.0,248.647498135,96.7790015538,0.4713327169016062,
595,0,3,0.0,0.043478260869565216,24,0.0,249.078516005,96.597765548,0.4652419272633479,
596,0,3,-0.4,0.043478260869565216,24,0.0,249.517819928,96.4775441869,0.4731380821878645,
597,0,3,-0.2,0.043478260869565216,24,0.0,249.94821262,96.2420238294,0.49721470402964896,
598,0,3,0.2,-0.08695652173913043,24,0.0,250.363187698,96.0574856314,0.3514043746719608,
599,0,3,0.4,0.043478260869565216,24,0.0,250.634698154,95.9706665542,0.2699680953506931,
600,0,3,-0.6000000000000001,0.0,24,0.0,250.936086473,95.9915027376,0.35082392690821723,
601,0,3,-0.4,0.0,24,0.0,251.2676882,95.886494007,0.4001584477574905,
602,0,3,-0.2,0.043478260869565216,24,0.0,251.609906702,95.6139677371,0.4763620893289942,
603,0,3,-0.2,-0.08695652173913043,25,0.0,252.0321837,95.3561006181,0.39130275720026914,
604,0,3,0,0,25,0.0,240.070817797,100.092235958,0.11986968055830631,
605,0,3,0.2,0.0,25,0.0,239.981670593,100.095515557,0.2676179934028608,
606,0,3,0.2,0.043478260869565216,25,0.0,240.31536526,99.9315359307,0.4405500038479216,
607,0,3,0.2,0.0,25,0.0,240.743688484,99.8334454914,0.44332681884871084,
608,0,3,-0.4,0.0,25,0.0,241.15384783,99.7720948061,0.4003241848024561,
609,0,3,-0.6000000000000001,-0.043478260869565216,25,0.0,241.496977448,99.6058371558,0.36411318496117634,
610,0,3,-0.4,0.0,25,0.0,241.738196632,99.2819133236,0.49168632049400557,
611,0,3,-0.2,0.0,25,0.0,242.015567256,98.8615829712,0.48225616256314163,
612,0,3,-0.2,0.0,25,0.0,242.33665039,98.5565626577,0.4218272601829618,
613,0,3,0.2,0.0,25,0.0,242.665087247,98.3522131471,0.3392546388168624,
614,0,3,-0.4,-0.043478260869565216,25,0.0,242.991314156,98.2819707646,0.37594272499737724,
615,0,3,-0.2,-0.08695652173913043,25,0.0,243.389376207,98.1117076051,0.41786415240281105,
616,0,3,-0.4,-0.043478260869565216,25,0.0,243.767059376,97.890545316,0.4573417744486896,
617,0,3,-0.6000000000000001,0.043478260869565216,25,0.0,244.125843481,97.5733985917,0.5197949612423695,
618,0,3,-0.4,0.0,25,0.0,244.472179799,97.1692933204,0.5124748541355086,
619,0,3,-0.2,0.0,26,0.0,244.813539249,96.8408439096,0.42999852696672236,
620,0,3,0,0,26,0.0,240.082581128,100.082606068,0.1282787135975767,
621,0,3,-0.2,-0.043478260869565216,26,0.0,240.002562936,100.145137001,0.23174328424244695,
622,0,3,0.0,-0.043478260869565216,26,0.0,240.301210961,100.007221027,0.4340289386166667,
623,0,3,0.0,0.043478260869565216,26,0.0,240.684349781,99.7508233112,0.48587024006179924,
624,0,3,0.4,-0.043478260869565216,26,0.0,241.076448763,99.575917923,0.3170455390645155,
625,0,3,0.6000000000000001,0.0,26,0.0,241.335209123,99.547055608,0.25798368423048285,
626,0,3,-0.4,0.0,26,0.0,241.630013229,99.5813539016,0.3418552128929545,
627,0,3,-0.2,0.043478260869565216,26,0.0,241.998159394,99.4542762814,0.33732122255559616,
628,0,3,0.0,0.043478260869565216,26,0.0,242.371942083,99.2176519213,0.54550241778032,
629,0,3,0.4,-0.08695652173913043,26,0.0,242.804425564,99.0480033023,0.31451176134528325,
630,0,3,-0.6000000000000001,0.043478260869565216,26,0.0,243.067053484,98.9843616275,0.31467031664617334,
631,0,3,-0.6000000000000001,0.043478260869565216,26,0.0,243.38108612,98.7867716525,0.4409679609313799,
632,0,3,-0.4,-0.13043478260869565,26,0.0,243.68748472,98.456598587,0.4154234162093434,
633,0,3,-0.4,0.0,26,0.0,243.935365966,98.1361121192,0.4642518237357321,
634,0,3,-0.2,0.043478260869565216,26,0.0,244.210679063,97.7327543397,0.4849055331602185,
635,0,3,-0.2,0.0,26,0.0,244.559838439,97.45379281,0.42409188185492225,
636,0,3,0.0,-0.08695652173913043,26,0.0,244.908580863,97.3010131931,0.33530177162480207,
637,0,3,-0.4,0.0,26,0.0,245.236372474,97.2164950801,0.4156157679649358,
638,0,3,-0.2,0.043478260869565216,26,0.0,245.665126272,96.9524328758,0.4988776398657512,
639,0,3,-0.2,-0.043478260869565216,26,0.0,246.109624142,96.7493373942,0.4413197250584944,
640,0,3,0.0,0.0,27,0.0,246.48381511,96.5911120816,0.3940612583643268,
641,0,3,0,0,27,0.0,240.085779804,100.059760351,0.1411196430683956,
642,0,3,0.6000000000000001,-0.043478260869565216,27,0.0,240.040663582,100.107071604,0.25345489176545344,
643,0,3,0.6000000000000001,0.0,27,0.0,240.297131126,100.014252835,0.2801627355079563,
644,0,3,-0.4,0.0,27,0.0,240.597958883,100.019711794,0.3722947618787564,
645,0,3,-0.2,0.0,27,0.0,240.973278165,99.9001857446,0.42685395235721135,
646,0,3,0.2,-0.043478260869565216,27,0.0,241.328579085,99.6485603614,0.43170223598455665,
647,0,3,0.0,-0.043478260869565216,27,0.0,241.679403079,99.4812141443,0.3664089592525443,
648,0,3,0.0,0.043478260869565216,27,0.0,242.039528574,99.3378341247,0.4363226825326007,
649,0,3,0.6000000000000001,0.043478260869565216,27,0.0,242.429248333,99.1967991899,0.3354261353136115,
650,0,3,-0.6000000000000001,0.0,27,0.0,242.767492642,99.2401104199,0.3304111774535151,
651,0,3,-0.2,-0.043478260869565216,27,0.0,243.099764073,99.1535411077,0.3934276252314788,
652,0,3,-0.2,0.0,27,0.0,243.437995053,98.8910888451,0.4880305438763493,
653,0,3,0.2,0.0,27,0.0,243.801127215,98.5927783582,0.39351076846212585,
654,0,3,-0.6000000000000001,-0.043478260869565216,27,0.0,244.134241217,98.4801021041,0.3784530553199899,
655,0,3,-0.4,-0.043478260869565216,27,0.0,244.468114697,98.2296609356,0.4641766510382222,
656,0,3,0.0,0.0,27,0.0,244.802346722,97.8927863547,0.45383585674309246,
657,0,3,0.2,0.0,27,0.0,245.146844849,97.6692504452,0.29034350280495025,
658,0,3,0.0,-0.043478260869565216,27,0.0,245.428428297,97.6179158472,0.3391598324148593,
659,0,3,-0.4,-0.043478260869565216,27,0.0,245.783798381,97.5364344578,0.385528408873539,
660,0,3,0.0,0.043478260869565216,27,0.0,246.123423688,97.2910371479,0.4660892441356208,
661,0,3,-0.2,-0.043478260869565216,27,0.0,246.540676342,97.0908913983,0.4495776143325415,
662,0,3,-0.4,0.0,27,0.0,246.930921729,96.9450430693,0.4390523842332198,
663,0,3,0.0,0.0,27,0.0,247.325982757,96.6922975425,0.47723126833454454,
664,0,3,0.2,-0.043478260869565216,27,0.0,247.721868886,96.5295105103,0.3619732035311429,
665,0,3,0.4,0.0,27,0.0,248.041150569,96.4803813164,0.3206010846149368,
666,0,3,0.8,-0.043478260869565216,27,0.0,248.380642085,96.5058716388,0.29340060814416286,
667,0,3,-0.2,0.0,27,0.0,248.66037902,96.5574515225,0.30074338586263505,
668,0,3,-0.2,0.0,27,0.0,248.989369161,96.6003968256,0.3435618423661298,
669,0,3,0.6000000000000001,0.043478260869565216,27,0.0,249.34136509,96.5358016854,0.39596437221231345,
670,0,3,0.8,0.0,27,0.0,249.696705221,96.5728094518,0.3740902816669227,
671,0,3,-0.2,0.0,27,0.0,249.94850658,96.7094413117,0.28854547661144564,
672,0,3,0.6000000000000001,0.0,27,0.0,250.266330892,96.7737126302,0.39620384667588293,
673,0,3,0.0,0.0,27,0.0,250.656006806,96.9301486458,0.3865090094087638,
674,0,3,-0.2,0.0,27,0.0,250.991566324,96.9435951135,0.28895686930403247,
675,0,3,-0.4,0.0,27,0.0,251.335398032,96.8648047632,0.4107263418849838,
676,0,3,-0.2,0.043478260869565216,27,0.0,251.681662418,96.6555626365,0.498305701062146,
677,0,3,0.0,-0.08695652173913043,27,0.0,252.056459198,96.3690016276,0.3603211932535951,
678,0,3,0.0,-0.08695652173913043,27,0.0,252.333728873,96.2989941001,0.26225305889506,
679,0,3,-0.4,0.043478260869565216,27,0.0,252.662740906,96.1594809933,0.43341842819860044,
680,0,3,-0.2,0.043478260869565216,27,0.0,253.066289357,95.9109718784,0.5114409536369745,
681,0,3,-0.2,-0.17391304347826086,27,0.0,253.47264784,95.6901503436,0.3357200352690791,
682,0,3,0.0,-0.21739130434782608,27,0.0,253.684748819,95.658326656,0.146678112147501,
683,0,3,-0.6000000000000001,-0.08695652173913043,27,0.0,253.886372349,95.6223992708,0.3161504848339993,
684,0,3,-0.4,0.0,27,0.0,254.221320095,95.4351640149,0.46982614301566566,
685,0,3,-0.2,-0.13043478260869565,27,0.0,254.606573684,95.1786373058,0.39343676319088394,
686,0,3,0.0,-0.08695652173913043,27,0.0,254.884294867,95.1026776407,0.24560481070738116,
687,0,3,0.2,0.043478260869565216,27,0.0,255.132862543,94.9829472577,0.2783539208707046,
688,0,3,-0.2,0.0,27,0.0,255.438370628,94.9866187679,0.39295828137960426,
689,0,3,-0.2,0.043478260869565216,27,0.0,255.88578415,94.9680021031,0.41617382987001156,
690,0,3,0.2,0.043478260869565216,27,0.0,256.321837738,94.9955686202,0.4494109714937333,
691,0,3,0.2,0.043478260869565216,27,0.0,256.748122317,95.1520498468,0.48003988876402104,
692,0,4,0.6000000000000001,0.0,28,0.0,257.141158459,95.4167830658,0.46135171763269,
693,0,4,0,0,28,0.0,240.086970559,99.9361242539,0.1013875730329169,
694,0,4,0.2,0.043478260869565216,28,0.0,240.160751166,99.9374323445,0.33429606952130214,
695,0,4,0.2,0.043478260869565216,28,0.0,240.429057837,99.9201314887,0.28090492084584134,
696,0,4,0.2,0.0,28,0.0,240.761575761,99.8062188321,0.4149462330222197,
697,0,4,1.2000000000000002,-0.043478260869565216,28,0.0,241.081301858,99.5728193337,0.36049202420208826,
698,0,4,0.8,0.0,28,0.0,241.341601709,99.4520914304,0.2761495471773838,
699,0,4,0.6000000000000001,-0.043478260869565216,28,0.0,241.6785774,99.3676930861,0.37868549561534676,
700,0,4,0.2,0.043478260869565216,28,0.0,242.024850238,99.2339227481,0.3615847286622362,
701,0,4,0.0,-0.043478260869565216,28,0.0,242.32410126,99.0041939452,0.3962796787788015,
702,0,4,-0.2,0.043478260869565216,28,0.0,242.496503076,98.6364766423,0.46150659485256273,
703,0,4,-0.2,0.0,28,0.0,242.588789361,98.1456961639,0.534814460258468,
704,0,4,-0.2,0.043478260869565216,28,0.0,242.664825404,97.6216269861,0.5220282002207515,
705,0,4,-0.2,0.0,28,0.0,242.793331486,97.1195389133,0.5236617614899202,
706,0,4,0.2,0.0,28,0.0,242.967999347,96.6439580254,0.4710043230385942,
707,0,4,-0.4,0.043478260869565216,28,0.0,243.235479085,96.2627893279,0.5016839254359391,
708,0,4,-0.2,-0.043478260869565216,28,0.0,243.425603849,95.7682260772,0.5674076680247934,
709,0,4,0.0,0.0,28,0.0,243.524767704,95.2351326136,0.49569514538700815,
710,0,4,0.0,0.0,28,0.0,243.712600491,94.7601043594,0.46004768141826236,
711,0,4,0.6000000000000001,0.08695652173913043,28,0.0,243.925242816,94.4050988451,0.351860813737909,
712,0,4,-0.2,0.0,28,0.0,244.206669671,94.2122704345,0.4012398411557206,
713,0,4,0.2,-0.08695652173913043,28,0.0,244.489277113,93.8906155759,0.47283432014939064,
714,0,4,-0.6000000000000001,-0.043478260869565216,28,0.0,244.746656543,93.5082622781,0.41180533700939076,
715,0,4,-0.6000000000000001,0.0,28,0.0,244.801461037,93.1022341976,0.4528788699692666,
716,0,4,-0.4,0.0,28,0.0,244.67340411,92.6627534268,0.458476176223663,
717,0,4,-0.4,0.0,28,0.0,244.573903507,92.2125001122,0.46068834236993417,
718,0,4,-0.4,0.043478260869565216,28,0.0,244.558195272,91.7570785823,0.4727453745577935,
719,0,4,-0.4,0.0,28,0.0,244.644415625,91.2939415573,0.5026636102526192,
720,0,4,0.0,0.043478260869565216,28,0.0,244.808981469,90.7711600051,0.4908801205858555,
721,0,4,0.2,0.0,28,0.0,245.042092748,90.3978561664,0.37478042436313475,
722,0,4,-0.4,-0.043478260869565216,28,0.0,245.319272567,90.1990438769,0.3659013742895262,
723,0,4,-0.4,0.0,28,0.0,245.57251172,89.8780094636,0.4568892073968325,
724,0,4,0.0,-0.043478260869565216,28,0.0,245.720365744,89.4104219351,0.5212418378825248,
725,0,4,0.0,0.0,28,0.0,245.906363271,88.9422663895,0.47041286327121384,
726,0,4,-0.2,0.0,28,0.0,246.167491009,88.5798951251,0.46632714149089083,
727,0,4,0.0,-0.043478260869565216,28,0.0,246.429394245,88.1842524523,0.46307712158558567,
728,0,4,0.2,-0.043478260869565216,28,0.0,246.715537671,87.8548993675,0.4040933249051962,
729,0,4,0.2,0.043478260869565216,28,0.0,247.024621475,87.5924972387,0.4589536298485713,
730,0,4,0.8,0.0,28,0.0,247.36355532,87.3336222844,0.33446155145121925,
731,0,4,0.8,-0.043478260869565216,28,0.0,247.643370034,87.2827322145,0.23046185642638126,
732,0,4,-0.2,0.0,28,0.0,247.928989603,87.2518793955,0.33752046725022566,
733,0,4,0.0,0.0,28,0.0,248.241779492,87.1088361099,0.3736052513713438,
734,0,4,-0.4,-0.043478260869565216,28,0.0,248.52632158,86.8634599615,0.3918653634725331,
735,0,4,-0.4,0.0,28,0.0,248.665496801,86.4599575888,0.5090279946791807,
736,0,4,-0.2,0.0,28,0.0,248.736559659,85.9389091978,0.49909906920838915,
737,0,4,0.0,0.0,28,0.0,248.864605348,85.5299799268,0.3378239792406069,
738,0,4,0.2,0.043478260869565216,28,0.0,249.047285016,85.2867601806,0.3021201681398125,
739,0,4,-0.4,0.0,28,0.0,249.299888811,85.1089034896,0.3857105588240468,
740,0,4,-0.4,-0.043478260869565216,28,0.0,249.663141557,84.7965032733,0.4832933735004212,
741,0,4,-0.2,0.0,28,0.0,249.914420074,84.4002175947,0.5153143368535309,
742,0,5,-0.2,0.043478260869565216,29,0.0,250.219651224,83.9817970492,0.41557291949000436,
743,0,5,0,0,29,0.0,240.093328957,100.062411126,0.16659456394714603,
744,0,5,-0.2,0.0,29,0.0,240.057029604,100.060206412,0.3008582948814039,
745,0,5,-0.2,0.043478260869565216,29,0.0,240.337806731,99.9607776422,0.3313621581291502,
746,0,5,-0.2,0.0,29,0.0,240.681088602,99.95419718,0.3543017853689911,
747,0,5,-0.2,0.043478260869565216,29,0.0,241.022982081,99.9742357858,0.3764914036049282,
748,0,5,-0.2,0.0,29,0.0,241.395838239,100.187741305,0.48176669103929315,
749,0,5,0.2,-0.043478260869565216,29,0.0,241.751737426,100.511951184,0.4707857302784654,
750,0,5,-0.2,0.08695652173913043,29,0.0,241.932525136,100.917038302,0.45227050478726816,
751,0,5,-0.2,-0.08695652173913043,29,0.0,242.134227718,101.29669751,0.406014482183092,
752,0,5,-0.4,0.0,29,0.0,242.411183348,101.604766752,0.3727003666266985,
753,0,5,-0.2,0.08695652173913043,29,0.0,242.745626508,101.762416657,0.39528833040214834,
754,0,5,0.2,0.043478260869565216,29,0.0,243.106267466,101.954087988,0.42243897480936593,
755,0,5,-0.4,-0.043478260869565216,29,0.0,243.39725993,102.309667904,0.4811304970264529,
756,0,5,-0.4,-0.043478260869565216,29,0.0,243.695344733,102.652378143,0.4110874009856579,
757,0,5,-0.2,-0.043478260869565216,29,0.0,244.032624376,102.860413344,0.4495046775946677,
758,0,5,-0.2,0.043478260869565216,29,0.0,244.445222531,103.11842917,0.507250943506171,
759,0,5,-0.2,0.0,29,0.0,244.817293913,103.458769289,0.5175536656561424,
760,0,5,0.2,-0.043478260869565216,29,0.0,245.184597859,103.810207711,0.4986889521180016,
761,0,5,-0.2,0.043478260869565216,29,0.0,245.441696179,104.244800295,0.5228845958144736,
762,0,5,-0.4,-0.043478260869565216,29,0.0,245.707500842,104.645132052,0.41801435733498077,
763,0,5,0.0,0.0,29,0.0,246.035400881,104.902988322,0.4701488706302897,
764,0,5,0.0,0.043478260869565216,29,0.0,246.400713622,105.245090232,0.5263916706050463,
765,0,5,0.2,-0.043478260869565216,29,0.0,246.704499543,105.640896619,0.4729778921945382,
766,0,5,0.2,0.0,29,0.0,246.89402683,106.133750745,0.5286621225889607,
767,0,5,1.0,0.0,29,0.0,247.075073426,106.603789886,0.4298930769306566,
768,0,5,0.6000000000000001,-0.043478260869565216,29,0.0,247.03471086,106.999556533,0.42008740985628285,
769,0,5,0.2,-0.043478260869565216,29,0.0,246.926118717,107.350784364,0.2849462515282428,
770,0,5,0.2,0.043478260869565216,29,0.0,246.942581855,107.616713282,0.2754442630256075,
771,0,5,0.2,0.0,29,0.0,247.027545949,107.935145437,0.43343047989065947,
772,0,5,0.0,0.0,29,0.0,247.201896799,108.364260744,0.4749990455146079,
773,0,5,-0.4,0.043478260869565216,29,0.0,247.463072232,108.718911621,0.39087255193615844,
774,0,5,-0.4,0.0,29,0.0,247.762325735,108.941115632,0.4026783282993617,
775,0,5,-0.2,-0.043478260869565216,29,0.0,248.138658815,109.140967229,0.46902200304545855,
776,0,5,-0.2,0.0,29,0.0,248.601257212,109.394951638,0.5030338540448425,
777,0,5,0.2,0.08695652173913043,29,0.0,249.011170512,109.672059968,0.46847873054861117,
778,0,5,0.2,-0.043478260869565216,29,0.0,249.255299615,110.037443915,0.4415925792530274,
779,0,5,0.2,0.0,29,0.0,249.387720286,110.480387509,0.5194750394318607,
780,0,5,-0.2,0.0,29,0.0,249.504652901,110.960709353,0.4277236359872,
781,0,5,-0.4,0.0,29,0.0,249.689860258,111.296138145,0.3324119498461367,
782,0,5,-0.4,0.0,29,0.0,249.923016996,111.524332745,0.36079955461070906,
783,0,5,-0.2,-0.043478260869565216,29,0.0,250.256102321,111.716090619,0.45080525280045847,
784,0,5,0.0,0.0,29,0.0,250.644169379,111.995030555,0.4741055359340626,
785,0,5,0.0,-0.043478260869565216,29,0.0,250.88269055,112.373956315,0.4553006295002032,
786,0,5,0.2,-0.043478260869565216,29,0.0,251.073526167,112.841289454,0.4904554437184881,
787,0,6,-0.4,0.0,30,0.0,251.154056796,113.289522402,0.3579131632359117,
788,0,6,0,0,30,0.0,240.076446794,99.9147236317,0.1450571233418502,
789,0,6,-0.2,0.043478260869565216,30,0.0,240.002965005,99.8889730138,0.2803130987060675,
790,0,6,-0.2,0.0,30,0.0,240.33651028,100.0805666,0.46492507609106526,
791,0,6,0.0,0.0,30,0.0,240.762208479,100.296070318,0.49845713332840663,
792,0,6,-0.2,0.08695652173913043,30,0.0,241.190313875,100.493976425,0.41709282780693696,
793,0,6,-0.2,0.0,30,0.0,241.563317972,100.611106217,0.42434873703377507,
794,0,6,-0.2,0.0,30,0.0,241.985209802,100.724101642,0.46865504125825275,
795,0,6,0.0,0.0,30,0.0,242.43248216,100.853112043,0.47184601861228476,
796,0,6,0.2,0.0,30,0.0,242.900748228,101.071564035,0.49145963969372053,
797,0,6,-0.4,-0.043478260869565216,30,0.0,243.242086566,101.404064156,0.4217687568423351,
798,0,6,-0.2,-0.043478260869565216,30,0.0,243.572507402,101.590694271,0.3597634487073739,
799,0,6,-0.4,0.0,30,0.0,243.917942133,101.683192661,0.38369381421227927,
800,0,6,0.0,0.043478260869565216,30,0.0,244.321081035,101.707743676,0.43269396316025466,
801,0,6,-0.2,0.043478260869565216,30,0.0,244.741121286,101.869197037,0.4814269376009028,
802,0,6,0.0,0.0,30,0.0,245.173626611,102.108024975,0.5114472664306744,
803,0,6,0.0,-0.043478260869565216,30,0.0,245.559001231,102.438174144,0.4977818873952039,
804,0,6,0.6000000000000001,0.0,30,0.0,245.963824573,102.700477921,0.49540170692720903,
805,0,6,0.8,0.0,30,0.0,246.285468542,103.047122729,0.4178525640685098,
806,0,6,0.0,-0.043478260869565216,30,0.0,246.369473422,103.451125559,0.33522253373764416,
807,0,6,0.2,0.0,30,0.0,246.496775802,103.734630334,0.31371138029392676,
808,0,6,0.2,0.043478260869565216,30,0.0,246.711844445,103.979451624,0.37528341217101646,
809,0,6,0.4,0.043478260869565216,30,0.0,247.010487831,104.209073506,0.44207928034241123,
810,0,6,-0.4,-0.043478260869565216,30,0.0,247.343041391,104.520808715,0.3458615463327828,
811,0,6,-0.2,0.0,30,0.0,247.647113291,104.653040459,0.3888052635445723,
812,0,6,0.0,0.0,30,0.0,248.049892275,104.747640472,0.4442487513537244,
813,0,6,0.2,0.0,30,0.0,248.475269475,104.926078239,0.4848802524043717,
814,0,6,0.0,0.08695652173913043,30,0.0,248.882139557,105.205548989,0.47553490967411705,
815,0,6,0.0,-0.043478260869565216,30,0.0,249.251891327,105.450809047,0.4593383206094612,
816,0,6,0.0,-0.043478260869565216,30,0.0,249.64952201,105.686878913,0.47750491423738595,
