,state,wind,x,y,speed,heeling,
1,1,0.0,240.350845449,99.9256620414,0.12935181200748294,11.0,6.333492383419326,23.0,
2,1,0.0,240.00115186,99.9992206567,0.35522689177300953,1.0,7.370539589809532,22.5,
3,1,0.0,240.083064235,100.124778448,0.2181579795099798,9.0,10.59286109181378,19.0,
4,1,0.0,240.130763389,100.123918929,0.1347700107159444,7.0,10.009051423435842,19.5,
5,1,0.0,239.997934475,100.25148379,0.2603811430213671,7.0,10.110053286049506,19.5,
6,1,0.0,239.803271738,100.432557614,0.282836005630138,7.0,8.269262848810683,21.5,
7,1,0.0,239.595844267,100.65509899,0.32937831031595144,8.0,6.413293608073268,23.5,
8,1,0.0,239.389158203,100.909168202,0.3565593302314675,8.0,4.527401349905716,25.5,
9,1,0.0,239.167354453,101.212718146,0.3741835810377803,8.0,3.121167003752973,27.0,
10,1,0.0,238.953670848,101.528121017,0.39296495838202394,8.0,2.1900420684462034,28.0,
11,1,0.0,238.7426779,101.861160972,0.39828674496032973,8.0,1.736307670294181,28.500000000000004,
12,1,0.0,238.527810423,102.21335907,0.4058062597333574,8.0,1.2704189176756202,29.000000000000004,
13,1,0.0,238.319916639,102.5638566,0.4109915419515023,8.0,0.7932650860560457,29.500000000000004,
14,1,0.0,238.117357156,102.909753432,0.4110153800173948,8.0,0.8113253022098732,29.500000000000004,
15,1,0.0,237.901034991,103.283511676,0.41434853108536307,8.0,0.8260913156526115,29.500000000000004,
16,1,0.0,237.697923656,103.6373042,0.4152905123536551,8.0,0.8369832445686924,29.500000000000004,
17,1,0.0,237.491772701,104.000262987,0.41720096623323233,8.0,0.8431115360649457,29.500000000000004,
18,1,0.0,237.282791121,104.36996906,0.420258273394111,8.0,0.34709492416230603,29.999999999999996,
19,1,0.0,237.07756072,104.73149901,0.41927104283519206,8.0,0.8539923054428797,29.500000000000004,
20,1,0.0,236.877812063,105.091238466,0.4205044823939427,8.0,0.3474902204851773,29.999999999999996,
21,1,0.0,236.663171488,105.467538573,0.4203066362504811,8.0,0.3589227878990968,29.999999999999996,
22,1,0.0,236.461834893,105.82569919,0.4189175468051435,8.0,0.8606626817998659,29.500000000000004,
23,1,0.0,236.258097502,106.187644385,0.4208787053004466,8.0,0.36366401624825073,29.999999999999996,
24,1,0.0,236.048602505,106.556809628,0.419544139908402,8.0,0.3739205544175448,29.999999999999996,
25,1,0.0,235.84272402,106.921106557,0.4189527909472296,8.0,0.8818409593420995,29.500000000000004,
26,1,0.0,235.632999435,107.29332057,0.4199924979382903,8.0,0.3882907876198658,29.999999999999996,
27,1,0.0,235.42988852,107.651297384,0.41904460498984675,8.0,0.4026065147003024,29.999999999999996,
28,1,0.0,235.225774502,108.01226716,0.41863633395831557,8.0,0.915847404016354,29.500000000000004,
29,1,0.0,235.014490816,108.388265664,0.41925699287411033,8.0,0.42442520676083006,29.999999999999996,
30,1,0.0,234.813803701,108.743193886,0.4193559492181639,8.0,0.44268974292159413,29.999999999999996,
31,1,0.0,234.602882768,109.115859708,0.41840440485362407,8.0,0.4682762130241045,29.999999999999996,
32,1,0.0,234.399275302,109.476876384,0.41718318897310896,8.0,0.9940507679138406,29.500000000000004,
33,1,0.0,234.19605063,109.839187087,0.41983160599262864,8.0,0.5173231493225217,29.999999999999996,
34,1,0.0,233.983265338,110.216983748,0.4197565595647151,8.0,0.5624715252148889,29.999999999999996,
35,1,0.0,233.78223677,110.576996093,0.4195507151741713,8.0,0.6010241883822047,29.999999999999996,
36,2,0.0,233.574794489,110.947867006,0.41955577934332733,8.0,-27.935532078929057,29.999999999999996,
37,2,0.0,233.373167139,111.2628076,0.33281867074595445,9.0,-21.531950756599002,23.0,
38,2,0.0,233.127003456,111.464002832,0.2878573675247019,6.0,5.08246350738375,17.5,
39,2,0.0,232.901055338,111.620306792,0.2612079814181511,6.0,5.096765766507957,17.5,
40,2,0.0,232.695505659,111.787679984,0.2741177785209052,7.0,3.6047595021005208,19.0,
41,2,0.0,232.482501294,111.972073768,0.2944298627367009,7.0,2.6108706287984376,20.0,
42,2,0.0,232.256404034,112.17754664,0.30485769202450647,7.0,2.115416414916851,20.5,
43,2,0.0,232.031384241,112.396108949,0.3194081063274586,7.0,1.1171027779985394,21.5,
44,2,0.0,231.808622394,112.614549848,0.3254165872457443,7.0,1.1183594402118615,21.5,
45,2,0.0,231.578920595,112.850227538,0.3312521618559021,7.0,0.6175250004838091,22.0,
46,2,0.0,231.341346754,113.094907458,0.33710776693659156,7.0,-25.03496472412877,22.5,
47,2,0.0,231.115954222,113.305372265,0.27991863362123626,7.0,5.119926540732067,17.5,
48,2,0.0,230.885689689,113.455799293,0.2651779549594036,6.0,5.636849016704929,17.0,
49,2,0.0,230.684327057,113.622519269,0.27137408585543626,7.0,3.6444338434321537,19.0,
50,2,0.0,230.463540579,113.811403858,0.2946733943171156,7.0,2.6515327119011403,20.0,
51,2,0.0,230.246268111,114.010297229,0.30690158591853695,7.0,2.155846924052497,20.5,
52,2,0.0,230.024210564,114.225570314,0.3163182345553044,7.0,1.1577740270247858,21.5,
53,2,0.0,229.799091116,114.446991439,0.326982946655279,7.0,0.65907322774531,22.0,
54,2,0.0,229.560924175,114.688574736,0.3299411024805526,7.0,0.6589139112212337,22.0,
55,2,0.0,229.331730861,114.924988215,0.3326540542834964,7.0,-30.40360189201857,22.5,
56,2,0.0,229.109863162,115.128938859,0.2555033644197505,7.0,6.162247861745797,16.5,
57,2,0.0,228.898472538,115.255735316,0.2497159240198172,5.0,6.180733245347781,16.5,
58,2,0.0,228.701946574,115.410290894,0.2552897885070768,7.0,4.690199510873001,18.0,
59,2,0.0,228.491016031,115.585158461,0.2842736969065437,7.0,3.1984983186474665,19.5,
60,2,0.0,228.272766186,115.776870027,0.2979714630238888,7.0,2.704830092138991,20.0,
61,2,0.0,228.05382362,115.985923454,0.3111734883823491,7.0,1.7076299545724254,21.0,
62,2,0.0,227.827884439,116.205752095,0.3249965384855,7.0,1.209656531254339,21.5,
63,2,0.0,227.59920253,116.437941465,0.33123931896185116,7.0,0.7096272359650726,22.0,
64,2,0.0,227.365798115,116.679499774,0.333041613749467,7.0,-37.1104699039156,22.5,
65,2,0.0,227.158710334,116.872338684,0.22620015287732384,7.0,6.712366115583151,16.0,
66,2,0.0,226.959296276,116.982961502,0.23106846212280738,5.0,7.232376951934157,15.5,
67,2,0.0,226.769577761,117.127049273,0.2418922585087904,6.0,5.243023256747421,17.5,
68,2,0.0,226.570590617,117.28379698,0.2719072837254841,7.0,4.253018214367032,18.5,
69,2,0.0,226.362828128,117.464617355,0.29123487181954383,7.0,2.7597464004857244,20.0,
70,2,0.0,226.135672621,117.672123331,0.3048976691223417,7.0,2.2649895727503235,20.5,
71,2,0.0,225.917920063,117.88431958,0.32162945007480515,7.0,1.2671155177506108,21.5,
72,2,0.0,225.680848473,118.119842514,0.32668827050027394,7.0,0.7684484499359598,22.0,
73,2,0.0,225.453101717,118.354350268,0.3322247740537587,7.0,0.7679027549124697,22.0,
74,2,0.0,225.223480045,118.593882731,0.3390116713002421,7.0,-45.82765098206704,22.5,
75,2,0.0,225.037769944,118.774536926,0.18366859870565155,7.0,-40.1455740812778,16.0,
76,2,0.0,224.884905636,118.84408028,0.14937054216383755,4.0,-35.15464902797987,10.5,
77,2,0.0,224.758979161,118.887468646,0.11809647000589889,3.0,-32.04960465395456,7.0,
78,2,0.0,224.650438388,118.908726814,0.09431791372714943,1.0,-29.360653299296217,4.0,
79,2,0.0,224.567048482,118.919790959,0.07982401683730576,1.0,-27.59146856959285,2.0,
80,2,0.0,224.498390446,118.921810874,0.05895124733771227,-0.0,-26.26893689549769,0.5,
81,2,0.0,224.44420364,118.917705922,0.0497061628816306,-1.0,-25.398706284050917,-0.5,
82,2,0.0,224.402346298,118.90787116,0.040749845589508296,-1.0,-24.486289943135063,-1.5000000000000002,
83,2,0.0,224.366921905,118.89503807,0.038900589966617535,-1.0,-23.551859613402605,-2.5,
84,2,0.0,224.329985897,118.876363963,0.047019766514598056,-2.0,-22.610065751653842,-3.5,
85,2,0.0,224.288461585,118.855380963,0.05118461414050589,-2.0,-21.676124598024764,-4.5,
86,2,0.0,224.237025087,118.828298985,0.06446645207511881,-2.0,-20.256637188712,-6.000000000000001,
87,2,0.0,224.176962197,118.799204625,0.07859302928464551,-3.0,-19.357049848837157,-7.0,
88,2,0.0,224.099159384,118.757667624,0.09487543215802001,-4.0,-17.98137489391597,-8.5,
89,2,0.0,224.005587714,118.707663664,0.12200030767110101,-4.0,-16.13394723123296,-10.5,
90,2,0.0,223.887588467,118.639681758,0.1488573584499951,-5.0,-14.321275503061592,-12.5,
91,2,0.0,223.749040586,118.551976176,0.18325381942824112,-6.0,-12.532217685752038,-14.500000000000002,
92,2,0.0,223.5905717,118.437351552,0.2203130487345242,-6.0,-10.253382068249842,-17.0,
93,2,0.0,223.401235151,118.283540163,0.2575160927533861,-7.0,-8.495555484563425,-19.0,
94,2,0.0,223.203482354,118.098999899,0.29303665507727755,-7.0,-6.712529895225977,-21.0,
95,2,0.0,222.99293986,117.878088282,0.32363549966684135,-8.0,-4.906017913983298,-23.0,
96,2,0.0,222.766723401,117.615924569,0.34772321093704106,-8.0,-3.5746893200087015,-24.5,
97,2,0.0,222.547443206,117.33986303,0.36455234040849066,-8.0,-2.701315037477798,-25.5,
98,2,0.0,222.326686567,117.042086169,0.37709388528917315,-8.0,-1.7919099961131408,-26.499999999999993,
99,2,0.0,222.09877895,116.726664478,0.3830685120333996,-8.0,-1.3756700641314907,-27.0,
100,2,0.0,221.881916856,116.411202563,0.389236691275114,-8.0,-1.421351290490513,-27.0,
101,2,0.0,221.6679601,116.09660695,0.39378708110653676,-8.0,-0.9626866033348733,-27.499999999999993,
102,2,0.0,221.44154771,115.758198289,0.39545637282439955,-8.0,-0.9949327587275718,-27.499999999999993,
103,2,0.0,221.224093715,115.42537307,0.3989447986485026,-8.0,-0.5021741084301041,-28.0,
104,2,0.0,221.005478983,115.095983882,0.3983513361721831,-8.0,-0.5330645625929478,-28.0,
105,2,0.0,220.786378173,114.757757614,0.39814175270915464,-8.0,-0.5331281532805079,-28.0,
106,2,0.0,220.57106374,114.431198505,0.3982910560557528,-8.0,-0.5645343904634359,-28.0,
107,2,0.0,220.348684209,114.09000397,0.398405524554671,-8.0,-0.5828784581454798,-28.0,
108,2,0.0,220.135141634,113.762839899,0.398576676007167,-8.0,-0.6106942684405539,-28.0,
109,2,0.0,219.921342622,113.435237723,0.39876676266832267,-8.0,-0.650899275026191,-28.0,
110,3,0.0,219.698092801,113.089449513,0.40034272494308354,-8.0,-1.7698022511257037,-28.0,
111,3,0.0,219.489526998,112.765766951,0.4005870838318771,-8.0,-1.300173603865943,-28.499999999999993,
112,3,0.0,219.270907415,112.41237094,0.4041951773373461,-8.0,-1.3195599104021554,-28.499999999999993,
113,3,0.0,219.059327119,112.063933195,0.4101131131472812,-8.0,-0.8327753332279926,-29.000000000000004,
114,3,0.0,218.845100342,111.708626957,0.4100896853931653,-8.0,-0.8442896472949286,-29.000000000000004,
115,3,0.0,218.63833334,111.358017294,0.4122812968423558,-8.0,-0.8476612678246767,-29.000000000000004,
116,3,0.0,218.433837848,111.013160384,0.4137978954535172,-8.0,-0.35336159750227125,-29.500000000000004,
117,3,0.0,218.216812643,110.645754005,0.41230039680803776,-8.0,-0.8581532677716623,-29.000000000000004,
118,3,0.0,218.010148163,110.292691307,0.41384299509738554,-8.0,-0.3591621362635067,-29.500000000000004,
119,3,0.0,217.798781176,109.936373295,0.41249734440730895,-8.0,-0.8662677450345342,-29.000000000000004,
120,3,0.0,217.59262752,109.58255085,0.4145843813327662,-8.0,-0.3655227989733376,-29.500000000000004,
121,3,0.0,217.381248605,109.226560043,0.41196827903074085,-8.0,-0.8738929385934853,-29.000000000000004,
122,3,0.0,217.169756719,108.860856516,0.415919505514887,-8.0,-0.3695532012105147,-29.500000000000004,
123,3,0.0,216.963379928,108.51521737,0.4135769175146633,-8.0,-0.881397741571476,-29.000000000000004,
124,3,0.0,216.750990006,108.145052953,0.41412042256468895,-8.0,-0.3725447781875175,-29.500000000000004,
125,3,0.0,216.545757307,107.798932705,0.4141536746132787,-8.0,-0.3817050686005956,-29.500000000000004,
126,3,0.0,216.329845643,107.430662647,0.41355715994271286,-8.0,-0.8853266546091589,-29.000000000000004,
127,3,0.0,216.125431408,107.079649979,0.4135813936454185,-8.0,-0.38496181223177217,-29.500000000000004,
128,3,0.0,215.916760287,106.7264269,0.413770063239332,-8.0,-0.3939995992384482,-29.500000000000004,
129,3,0.0,215.708968867,106.372687036,0.41269941394498355,-8.0,-0.9000791034219731,-29.000000000000004,
130,3,0.0,215.494400371,106.005441796,0.41355521226976744,-8.0,-0.40302976586917083,-29.500000000000004,
131,3,0.0,215.288093353,105.655664495,0.41353695783472455,-8.0,-0.4135567707306862,-29.500000000000004,
132,3,0.0,215.080624401,105.303695676,0.4121881949925447,-8.0,-0.9250290128102279,-29.000000000000004,
133,3,0.0,214.872455016,104.945444987,0.4144424737616116,-8.0,-0.42538121229490145,-29.500000000000004,
134,3,0.0,214.654861409,104.578765699,0.4127559009024976,-8.0,-0.44698537965577145,-29.500000000000004,
135,3,0.0,214.455124536,104.235306045,0.413475468348491,-8.0,-0.44998230799547656,-29.500000000000004,
136,3,0.0,214.244222905,103.880454602,0.4114637814098542,-8.0,-0.9787394661128559,-29.000000000000004,
137,3,0.0,214.027774297,103.508564584,0.4143021402652356,-8.0,-0.4871212785727792,-29.500000000000004,
138,3,0.0,213.821734742,103.158036473,0.41373120451783135,-8.0,-0.5106053944956486,-29.500000000000004,
139,3,0.0,213.614220931,102.805004185,0.41365778440481593,-8.0,-0.5402390685585416,-29.500000000000004,
140,3,0.0,213.399696696,102.43742026,0.41241376302268296,-8.0,-0.5666298543298538,-29.500000000000004,
141,3,0.0,213.192053259,102.085505934,0.4126441794188433,-8.0,-0.6240845257216066,-29.500000000000004,
142,3,0.0,212.989542634,101.739058671,0.41324207312140104,-8.0,-0.6798347845505361,-29.500000000000004,
143,3,0.0,212.773920808,101.372466609,0.4118969969783329,-8.0,-0.7908820542662909,-29.500000000000004,
144,4,0.0,212.56695516,101.014529145,0.4144345921806345,-8.0,-27.82819624434815,-29.500000000000004,
145,4,0.0,212.401904221,100.69437307,0.3495772881801186,-7.0,-22.362632882558245,-35.5,
146,4,0.0,212.320052918,100.325507082,0.4154163020122364,-6.0,-16.81208120133407,-41.5,
147,4,0.0,212.312705855,99.8615554544,0.47697632115091304,-5.0,-11.23596270940742,-47.5,
148,4,0.0,212.386944211,99.379834006,0.5122363613863417,-4.0,-7.555113551425848,-51.5,
149,4,0.0,212.523262148,98.8866644161,0.5279026734821526,-4.0,-5.292415311731968,-54.0,
150,4,0.0,212.707568278,98.3648795336,0.5358277803827344,-4.0,-3.9860667187939143,-55.5,
151,4,0.0,212.906656396,97.8758371048,0.5374097509629238,-4.0,-3.1301772392559783,-56.5,
152,4,0.0,213.116059562,97.3906529118,0.5396702336931964,-3.0,-2.7608411259126164,-57.00000000000001,
153,4,0.0,213.345116161,96.8832811703,0.539977013018937,-3.0,-2.3883751146787127,-57.5,
154,4,0.0,213.568555322,96.3963492208,0.5398311840451235,-3.0,-2.5147670241900215,-57.5,
155,4,0.0,213.792382866,95.9149715853,0.5405877390654853,-3.0,-2.645516111225021,-57.5,
156,4,0.0,214.030464736,95.4112212932,0.5396649072589056,-3.0,-2.2877658165861874,-58.00000000000001,
157,4,0.0,214.261035566,94.9279536492,0.5406715740963975,-3.0,-2.434516051457127,-58.00000000000001,
158,4,0.0,214.498888086,94.4359033978,0.540111000980212,-3.0,-2.5937097442057144,-58.00000000000001,
159,4,0.0,214.733489841,93.9544687221,0.5394436808569977,-3.0,-2.76438906012525,-58.00000000000001,
160,4,0.0,214.971667439,93.4755830587,0.5394583180398912,-3.0,-2.442464421175959,-58.5,
161,4,0.0,215.214944674,92.9933821184,0.5393447318938963,-3.0,-2.637006713669674,-58.5,
162,4,0.0,215.466312878,92.5033256933,0.5396056170332963,-3.0,-2.852266272446304,-58.5,
163,4,0.0,215.711115814,92.0344860736,0.5382006522627387,-3.0,-2.5777121225129456,-59.00000000000001,
164,4,0.0,215.969010437,91.5491029045,0.5387874930223789,-3.0,-2.8374214923643173,-59.00000000000001,
165,4,0.0,216.21840868,91.0894555371,0.5370456387104185,-3.0,-2.6114988114998354,-59.5,
166,4,0.0,216.47539062,90.6228995351,0.5385303205455454,-3.0,-2.935312660270597,-59.5,
167,4,0.0,216.744514927,90.1434859207,0.5363186070865668,-3.0,-2.829923896670806,-59.99999999999999,
168,4,0.0,217.008867213,89.6826978496,0.5363279125860998,-3.0,-3.2916394788693744,-59.99999999999999,
169,4,0.0,217.278636246,89.225257677,0.5352320812188976,-3.0,-3.3619981904598433,-60.5,
170,4,0.0,217.553474373,88.7726242495,0.5331673024854253,-3.0,-3.607845774638399,-61.0,
171,4,0.0,217.848509979,88.3086855867,0.5316375943635264,-2.0,-4.171997312355099,-61.50000000000001,
172,5,0.0,218.133561151,87.8787333351,0.5289266011022516,-2.0,-25.80863331529836,-62.50000000000001,
173,5,0.0,218.429125526,87.5035855093,0.41351695030589447,-1.0,-20.010291233995222,-69.0,
174,5,0.0,218.768723457,87.2545775982,0.42582866685367904,-1.0,-14.487584043610813,-75.0,
175,5,0.0,219.152326722,87.0682298657,0.43669964462691313,-1.0,-10.858848066816638,-79.0,
176,5,0.0,219.566247308,86.9276116767,0.4418839126363494,-1.0,-8.15436882618308,-82.0,
177,5,0.0,220.011774933,86.8186207757,0.44556107740503803,-1.0,17.169643526045252,-84.5,
178,5,0.0,220.434568946,86.7018149409,0.47231651223497834,-1.0,-12.179703679528762,-78.5,
179,5,0.0,220.872522781,86.501989891,0.4455449988830408,-1.0,-11.1757537936958,-80.0,
180,5,0.0,221.292892991,86.3712045453,0.44317155430187066,-1.0,15.844192803014725,-83.0,
181,5,0.0,221.731052106,86.2341500829,0.4772179532536126,-1.0,-14.44395247601404,-77.5,
182,5,0.0,222.141011196,86.0407662065,0.43723010368657783,-1.0,-12.524072941173864,-80.0,
183,5,0.0,222.557267124,85.9152773285,0.43852188334536824,-1.0,16.517808122494177,-83.5,
184,5,0.0,222.985169738,85.7946251901,0.4716734177263293,-1.0,-14.93152446141137,-78.5,
185,5,0.0,223.407469366,85.5991576485,0.43526844697327527,-0.0,-13.654220974688332,-80.5,
186,5,0.0,223.834825287,85.4834871967,0.4321938993487042,-1.0,17.703661206738236,-84.5,
187,5,0.0,224.256287567,85.3749470479,0.46752415364289235,-1.0,-16.26425803702158,-79.0,
188,5,0.0,224.667490842,85.1938344141,0.42739399223589675,-0.0,-15.115150995691533,-81.0,
189,5,0.0,225.078624214,85.0992760023,0.4261743905745226,-1.0,18.896636239450597,-85.5,
190,5,0.0,225.518757288,85.0060862914,0.45938749747250374,-1.0,-17.461831831058433,-80.0,
191,5,0.0,225.929649985,84.8439970703,0.41943912484979035,-0.0,-15.9791705880375,-82.5,
192,5,0.0,226.33168497,84.7714391233,0.42117350176112933,-1.0,-12.239852573166454,-87.0,
193,5,0.0,226.769307307,84.7525916762,0.42829245989497217,-2.0,-9.417176684308279,-89.5,
194,5,0.0,227.194657739,84.7798304538,0.4376994222842368,-2.0,-7.4643167647834385,-87.0,
195,5,0.0,227.644851596,84.8597381133,0.4485349676885567,-4.0,-5.392414328983742,-84.5,
196,5,0.0,228.080526227,84.9625569208,0.454323872005912,-5.0,-4.248659528724671,-83.0,
197,5,0.0,228.519713959,85.0848497471,0.45770847571894047,-5.0,-3.5724238824585193,-82.0,
198,5,0.0,228.953232345,85.2203878668,0.45824333354963875,-5.0,-2.8690195927260085,-81.0,
199,5,0.0,229.393240585,85.3690200302,0.4593659079288777,-5.0,-2.666263598392801,-80.5,
200,5,0.0,229.830631012,85.5249760046,0.4598674453294663,-6.0,-2.4786318274689005,80.0,
201,5,0.0,230.27730317,85.6241527097,0.4853592886067146,2.0,-3.904309786495155,-80.5,
202,5,0.0,230.749336276,85.8528349537,0.4480140292267633,-5.0,-0.5039872255879025,77.0,
203,5,0.0,231.204860341,86.0235145828,0.48925058463602056,2.0,-1.7722264852531495,77.5,
204,5,0.0,231.647667835,86.2656683273,0.49460201192953274,1.0,0.2487694313482507,75.5,
205,6,0.0,232.062102283,86.5146192206,0.4839847113774752,0.0,-13.758831418596568,74.0,
206,6,0.0,232.469036279,86.8010604318,0.5230884943977138,2.0,-9.146034695496528,69.0,
207,6,0.0,232.822696873,87.1916532771,0.540355514689792,3.0,-3.867706343283306,63.50000000000001,
208,6,0.0,233.139431481,87.6647516844,0.545469617817026,3.0,-0.9591201575073214,60.5,
209,6,0.0,233.396965956,88.1249474267,0.547462191089944,3.0,0.5379599262260477,59.00000000000001,
210,6,0.0,233.653329465,88.6251358502,0.542130834668988,3.0,1.5797912915069183,58.00000000000001,
211,6,0.0,233.892864297,89.112134452,0.5422576667919812,3.0,1.6442974840045466,58.00000000000001,
212,6,0.0,234.123781784,89.5914195737,0.5433181978680546,3.0,1.7235631801434863,58.00000000000001,
213,6,0.0,234.365319111,90.0954586185,0.5412277546667947,3.0,2.317746126648842,57.5,
214,6,0.0,234.597070115,90.5781908118,0.5414245367486952,3.0,1.916042523062984,58.00000000000001,
215,6,0.0,234.825189348,91.0518915923,0.5421634817040444,3.0,2.0206842913827465,58.00000000000001,
216,6,0.0,235.068044027,91.5536133475,0.5409047704011727,3.0,2.1406081323680617,58.00000000000001,
217,6,0.0,235.300157837,92.0306553055,0.5408057366863488,3.0,2.2647788433406753,58.00000000000001,
218,6,0.0,235.545871662,92.5318558578,0.5401547619621999,3.0,2.406284999665999,58.00000000000001,
219,6,0.0,235.784285636,93.0104989806,0.5397888051079862,3.0,2.0481300874547053,58.5,
220,6,0.0,236.019837319,93.4794815228,0.5406615859239118,3.0,2.2000678703878798,58.5,
221,6,0.0,236.271506423,93.9757637406,0.5397741200654685,3.0,2.3770048689169556,58.5,
222,6,0.0,236.512749354,94.4474378991,0.5392001590134741,3.0,2.565304587204995,58.5,
223,6,0.0,236.759321185,94.9210572328,0.5389975361815234,3.0,2.27019381635181,59.00000000000001,
224,6,0.0,237.019636459,95.4129852481,0.5390305491520762,3.0,2.5066819500654134,59.00000000000001,
225,6,0.0,237.269713185,95.8788783181,0.5386126390319881,3.0,2.262447745263575,59.5,
226,6,0.0,237.527385913,96.3522713285,0.5384984341693805,3.0,2.5656977171128013,59.5,
227,6,0.0,237.789862848,96.8282347432,0.53752336270712,3.0,2.9347027091708853,59.5,
228,6,0.0,238.048646254,97.2870943499,0.5368201513252934,3.0,2.8634588174987847,59.99999999999999,
229,6,0.0,238.326850025,97.7651225954,0.5360579495968061,3.0,2.9102549828965323,60.5,
230,6,0.0,238.593642721,98.2119965192,0.5353585267949532,3.0,3.59344129366378,60.5,
231,6,0.0,238.873066851,98.6612481492,0.532538737055497,3.0,3.5449836451461003,61.50000000000001,
232,7,0.0,239.175484206,99.1273394129,0.532078041672886,2.0,-1.3535497332943436,62.0,
233,7,0.0,239.462476022,99.5685201426,0.5425427082510063,3.0,0.11475203566587666,60.5,
234,7,0.0,239.737070553,100.031186513,0.5428165286039224,3.0,0.6251314338604423,59.99999999999999,
235,7,0.0,240.002342337,100.518870585,0.5418111278917436,3.0,1.6809887320506434,59.00000000000001,
236,7,0.0,240.248432455,100.983305006,0.5401701734585131,3.0,1.7509984752888315,59.00000000000001,
237,7,0.0,240.505718472,101.478049615,0.5406540781703516,3.0,2.3417060340976157,58.5,
238,7,0.0,240.753550124,101.953110986,0.539769507339271,3.0,1.935223195283882,59.00000000000001,
239,7,0.0,240.996534994,102.418816361,0.5395686973286473,3.0,2.0354043575124265,59.00000000000001,
240,7,0.0,241.252987467,102.908609893,0.5400680120558133,3.0,2.1492666885656817,59.00000000000001,
241,7,0.0,241.503599043,103.387057079,0.5392212720167084,3.0,2.27211319119381,59.00000000000001,
242,7,0.0,241.75052836,103.855865727,0.5393057732513228,3.0,2.40232434145922,59.00000000000001,
243,7,0.0,242.004856848,104.332068439,0.5385429437443958,3.0,2.540772899951765,59.00000000000001,
244,7,0.0,242.268890169,104.820049828,0.5385948817673445,3.0,2.1911131560410055,59.5,
245,7,0.0,242.51925115,105.275971932,0.5389297159450885,3.0,2.3393210299108844,59.5,
246,7,0.0,242.777795734,105.742357364,0.5382201239488915,3.0,2.504313478714991,59.5,
247,7,0.0,243.049151599,106.226455854,0.5376177071214238,3.0,2.1919592216240105,59.99999999999999,
248,7,0.0,243.311775742,106.689999711,0.538723974911703,3.0,2.3915509277306057,59.99999999999999,
249,7,0.0,243.576299296,107.152777999,0.5374052908385001,3.0,2.6172056760208235,59.99999999999999,
250,7,0.0,243.852275315,107.627923516,0.5360287064849887,3.0,2.8762083447676403,59.99999999999999,
251,7,0.0,244.123737621,108.086021961,0.5376378464147303,3.0,2.6555124326196164,60.5,
252,7,0.0,244.398437632,108.539516357,0.5348350399301264,3.0,2.4677680602990364,61.0,
253,7,0.0,244.678341841,108.991130983,0.5347142295962909,3.0,2.82697738487337,61.0,
254,7,0.0,244.971135662,109.457967973,0.5350098061299541,3.0,2.7971558379862174,61.50000000000001,
255,7,0.0,245.25187427,109.895020301,0.5336588433082063,3.0,3.354333179414496,61.50000000000001,
256,7,0.0,245.552124856,110.348880427,0.5310928987018885,2.0,3.623844038791759,62.0,
257,7,0.0,245.850230122,110.781527007,0.530254936481259,2.0,4.169153033888271,62.50000000000001,
258,8,0.0,246.157441856,111.205490668,0.5259098607816727,2.0,24.96796534224463,63.50000000000001,
259,8,0.0,246.466722926,111.56543003,0.41815686403107927,1.0,19.143634013509427,70.0,
260,8,0.0,246.816963233,111.803044689,0.42885952863566607,1.0,13.60220145510595,76.0,
261,8,0.0,247.220261051,111.983409452,0.4389137103661251,1.0,9.965508493142647,80.0,
262,8,0.0,247.63478806,112.113242776,0.4430244531783427,1.0,7.742726336598046,-82.5,
263,8,0.0,248.14236548,112.261347986,0.450330302739724,-5.0,-16.68025556252559,-84.0,
264,8,0.0,248.569439098,112.362664522,0.43055161282552773,-4.0,10.835571860588821,80.0,
265,8,0.0,248.980662841,112.453622315,0.45237541197299486,2.0,-16.314739552248454,-83.5,
266,8,0.0,249.446665967,112.617034171,0.410368733706131,-3.0,14.028558664270362,77.5,
267,8,0.0,249.853156636,112.752802843,0.4393533259272892,2.0,10.431803817263388,-81.5,
268,8,0.0,250.346235925,112.917754511,0.45715256537372545,-5.0,-16.50718092122689,-83.5,
269,8,0.0,250.773310238,113.021577089,0.4269171401631593,-4.0,12.852268131733622,80.0,
270,8,0.0,251.206483442,113.117647637,0.44720020777678443,2.0,-17.1500752585291,-84.0,
271,8,0.0,251.656544655,113.266857338,0.40484359251326363,-3.0,15.860756759117905,78.0,
272,8,0.0,252.059685997,113.396378262,0.4328091413580131,1.0,12.438622303414721,-82.0,
273,8,0.0,252.552893558,113.541340772,0.4523075017184676,-5.0,-18.355287998429517,-85.0,
274,8,0.0,252.983494002,113.618372382,0.4181938812989598,-3.0,14.206734553446477,-81.5,
275,8,0.0,253.400548332,113.76039656,0.4535148982630888,-6.0,-17.997121879324816,-84.5,
276,8,0.0,253.817610539,113.824699731,0.4194391903552617,-3.0,15.127267548379173,-82.0,
277,8,0.0,254.243217589,113.96140234,0.4408661853701764,-6.0,12.593648359076782,-85.5,
278,8,0.0,254.692286401,113.968227229,0.4629321296923832,-3.0,7.66487384856811,-89.0,
279,8,0.0,255.164507457,113.882977567,0.46846578986258197,0.0,2.9418410420008243,-84.0,
280,8,0.0,255.608579776,113.766318398,0.4710758177951829,-1.0,0.5698256359642393,-81.5,
281,8,0.0,256.054038401,113.608650438,0.47897480968742473,-1.0,-0.9915653860616551,-80.0,
282,8,0.0,256.508940403,113.421752103,0.4741010545986877,-0.0,-2.216786899871252,-79.0,
283,8,0.0,256.941958862,113.235030338,0.4760272878297436,-1.0,-3.0364092624849146,-78.5,
284,8,0.0,257.377815481,113.042735476,0.4747533507664869,-1.0,-3.4701130743425406,-78.5,
285,8,0.0,257.815137343,112.849155635,0.4721531761394628,-1.0,-4.035476136431775,-78.5,
286,8,0.0,258.248152019,112.663165827,0.4696368941357657,-1.0,-4.225342480076363,-79.0,
287,8,0.0,258.673881755,112.48768698,0.46960606935698124,-1.0,-4.579522197226341,-79.5,
288,8,0.0,259.108748271,112.316741755,0.4641339620762027,-1.0,-5.24624626172369,-80.0,
289,9,0.0,259.540050171,112.159488671,0.4625055546322985,-1.0,18.08588981956537,-80.5,
290,9,0.0,259.981803093,111.970389132,0.4880246036920219,-1.0,12.092201375133016,-74.0,
291,9,0.0,260.381984663,111.656002349,0.5281724105913391,-2.0,6.4162835871582615,-68.0,
292,9,0.0,260.740426231,111.244331749,0.545060051783804,-2.0,2.0764372233748105,-63.50000000000001,
293,9,0.0,261.046409216,110.804652797,0.543077207449478,-3.0,0.11786571507002108,-61.50000000000001,
294,9,0.0,261.327932172,110.345226201,0.5430392993862786,-3.0,-1.4098286352857627,-59.99999999999999,
295,9,0.0,261.59471795,109.880323228,0.5391830501760561,-3.0,-1.4774022320352493,-59.99999999999999,
296,9,0.0,261.860761255,109.403412491,0.5408265292785731,-3.0,-2.0697273883375082,-59.5,
297,9,0.0,262.114696905,108.93611589,0.5386439143567078,-3.0,-2.1843990795592276,-59.5,
298,9,0.0,262.3787767,108.452728168,0.5396652919775974,-3.0,-2.3123268763701113,-59.5,
299,9,0.0,262.628424084,107.99134387,0.5386918678826791,-3.0,-2.4539898757516525,-59.5,
300,9,0.0,262.895592278,107.503934189,0.5383232762307106,-3.0,-2.6123733458448513,-59.5,
301,9,0.0,263.15419957,107.035984426,0.5378009583739225,-3.0,-2.7779180276119533,-59.5,
302,9,0.0,263.42038643,106.562876961,0.5367054148726198,-3.0,-2.453779102762841,-59.99999999999999,
303,9,0.0,263.678873342,106.108782005,0.5384523967474608,-3.0,-2.6370885838012406,-59.99999999999999,
304,9,0.0,263.953037324,105.633756942,0.5357653815993302,-3.0,-2.8456320721359774,-59.99999999999999,
305,9,0.0,264.219838226,105.179460191,0.537192990523374,-3.0,-2.5616758914682727,-60.5,
306,9,0.0,264.501362676,104.704605416,0.535529587823492,-3.0,-2.8183939770064335,-60.5,
307,9,0.0,264.776671138,104.250720955,0.5346572800084298,-3.0,-2.586551774810431,-61.0,
308,9,0.0,265.050545368,103.803056397,0.5357114144421372,-3.0,-2.8976563209511497,-61.0,
309,9,0.0,265.341355528,103.33492508,0.5342906509539939,-2.0,-3.281147882690906,-61.0,
310,9,0.0,265.622771472,102.893939625,0.5323974315548383,-2.0,-3.2007076568582598,-61.50000000000001,
311,9,0.0,265.912088958,102.452632255,0.5325807955087227,-2.0,-3.2037752605129874,-62.0,
312,9,0.0,266.208238755,102.014049995,0.53062956231741,-2.0,-3.3286409976836637,-62.50000000000001,
313,9,0.0,266.523257917,101.560813791,0.5307253656303768,-2.0,-4.207302710269271,-62.50000000000001,
314,9,0.0,266.82750334,101.14089946,0.5247515659517916,-2.0,-4.391258899638238,-63.50000000000001,
315,10,0.0,267.152998258,100.715480021,0.524796859078373,-2.0,31.58090887835624,-64.5,
316,10,0.0,267.42460311,100.332818975,0.46413972458111274,-7.0,22.363867454111684,-54.5,
317,10,0.0,267.512769581,99.843176299,0.4974232745219013,-8.0,13.444773966243957,-45.0,
318,10,0.0,267.451872728,99.3292817465,0.49069428523193254,-8.0,6.811457514494826,-38.0,
319,10,0.0,267.31618936,98.8731111905,0.4742482665433881,-8.0,4.005913634544278,-35.0,
320,10,0.0,267.135198551,98.4278352663,0.4530447561452551,-8.0,1.6148851132137665,-32.5,
321,10,0.0,266.949013362,98.0240663667,0.4410523293240119,-8.0,0.6765092905775845,-31.5,
322,10,0.0,266.755040248,97.6354887655,0.4341395946459782,-8.0,0.2092794630441901,-30.999999999999993,
323,10,0.0,266.560205099,97.2579328138,0.4300107823139321,-8.0,-0.2702782991421486,-30.5,
324,10,0.0,266.352081402,96.8622418541,0.42769940840628995,-8.0,-0.25601090760933687,-30.5,
325,10,0.0,266.154183357,96.4927609397,0.42582346197124765,-8.0,-0.24991912403723404,-30.5,
326,10,0.0,265.951675448,96.1179248275,0.42436026144039973,-8.0,-0.747461454323755,-30.00000000000001,
327,10,0.0,265.750021817,95.7442515847,0.4240892478951673,-8.0,-0.2442301461033125,-30.5,
328,10,0.0,265.547489151,95.3755574078,0.42358565430048123,-8.0,-0.7501782626183626,-30.00000000000001,
329,10,0.0,265.341961113,94.9964704921,0.42289672653729393,-8.0,-0.749358415784414,-30.00000000000001,
330,10,0.0,265.138674615,94.6236334373,0.4246437737798732,-8.0,-0.7518012021214915,-30.00000000000001,
331,10,0.0,264.941939586,94.2604611684,0.4251025515969308,-8.0,-0.250515581902782,-30.5,
332,10,0.0,264.742082047,93.8960671805,0.4226576441610294,-8.0,-0.7569853932298187,-30.00000000000001,
333,10,0.0,264.534808676,93.5121989673,0.42434596346671705,-8.0,-0.7534890433732357,-30.00000000000001,
334,10,0.0,264.332856905,93.1449141792,0.4233176074289762,-8.0,-0.7628185977395887,-30.00000000000001,
335,10,0.0,264.127978532,92.7624145147,0.4259015248782282,-8.0,-0.2529077779047242,-30.5,
336,10,0.0,263.922726612,92.3909935798,0.4224525308361826,-8.0,-0.7678346771113453,-30.00000000000001,
337,10,0.0,263.723494746,92.0213303785,0.42328225341431863,-8.0,-0.762627870323513,-30.00000000000001,
338,10,0.0,263.51902338,91.6455009432,0.42362952390463104,-8.0,-0.26561610172390715,-30.5,
339,10,0.0,263.314668372,91.2746299445,0.4229652120095689,-8.0,-0.782454174843096,-30.00000000000001,
340,10,0.0,263.119529202,90.9134360645,0.42200574277884817,-8.0,-0.7799431250729967,-30.00000000000001,
341,10,0.0,262.920031091,90.5493820181,0.4239518518528641,-8.0,-0.7944584803396992,-30.00000000000001,
342,10,0.0,262.712084074,90.1640984775,0.4248075573583146,-8.0,-0.29115722177897396,-30.5,
343,10,0.0,262.510586009,89.7965205926,0.4220154469075212,-8.0,-0.8117899168460383,-30.00000000000001,
344,10,0.0,262.305959744,89.4161793546,0.42477061919541925,-8.0,-0.3042532630028063,-30.5,
345,10,0.0,262.102270768,89.0497672968,0.42082698984595635,-8.0,-0.8653380334319039,-30.00000000000001,
346,10,0.0,261.90706464,88.6857733743,0.42375315098676575,-8.0,-0.8583117061791157,-30.00000000000001,
347,11,0.0,261.703343174,88.3140338965,0.4236034602069154,-8.0,27.946529386312804,-30.5,
348,11,0.0,261.49512613,87.9794896343,0.3337906004414797,-9.0,21.56709388359559,-23.5,
349,11,0.0,261.261437214,87.7799160884,0.29369347876022245,-6.0,-4.604260687620027,-18.0,
350,11,0.0,261.03253927,87.6240568985,0.26241570206597314,-6.0,-5.119269975501069,-17.5,
351,11,0.0,260.81945878,87.4431741606,0.27766345863501196,-7.0,-3.6261117374358776,-19.0,
352,11,0.0,260.604410847,87.258209421,0.2956284495116524,-7.0,-2.632568577415711,-20.0,
353,11,0.0,260.385052365,87.0544272731,0.30677363979757916,-7.0,-1.6361346048508807,-21.0,
354,11,0.0,260.157455797,86.8341225722,0.3182511263620824,-7.0,-1.1380565484829788,-21.5,
355,11,0.0,259.932860745,86.6123069203,0.32533905745890934,-7.0,-0.6390657258016148,-22.0,
356,11,0.0,259.705530631,86.3813962281,0.3273708279639253,-7.0,-0.6387872548450559,-22.0,
357,11,0.0,259.472392278,86.1416577571,0.33328409807261156,-7.0,-0.6378993746455137,-22.0,
358,11,0.0,259.245219545,85.9036654359,0.33687525803747664,-7.0,25.058071950883544,-22.5,
359,11,0.0,259.010180023,85.6845865311,0.2798170537982208,-7.0,-5.139883522340128,-17.5,
360,11,0.0,258.784040334,85.5358941852,0.26660488899216955,-6.0,-5.156371500598581,-17.5,
361,11,0.0,258.576199952,85.3656759188,0.2686732535281375,-7.0,-4.164647927198359,-18.5,
362,11,0.0,258.371673236,85.187845369,0.29300472973948016,-7.0,-2.670690489670406,-20.0,
363,11,0.0,258.142926013,84.9780778689,0.30723097346995926,-7.0,-2.1752206416300055,-20.5,
364,11,0.0,257.925650004,84.7677785098,0.3155116845573059,-7.0,-1.177239355936635,-21.5,
365,11,0.0,257.690155092,84.5320808237,0.32885517103591133,-7.0,-0.6778122020472637,-22.0,
366,11,0.0,257.461035593,84.3017720766,0.32859890873130504,-7.0,-0.6781644748953255,-22.0,
367,11,0.0,257.236202265,84.0658815511,0.3347491987531679,-7.0,30.497244956839808,-22.5,
368,11,0.0,257.013108676,83.8599621588,0.25501213758840985,-7.0,-5.6806496678849925,-17.0,
369,11,0.0,256.800129071,83.7352262436,0.24777945073893307,-5.0,-6.6999759869517135,-16.0,
370,11,0.0,256.607881161,83.5795471117,0.2550080643161435,-7.0,-4.708337261749151,-18.0,
371,11,0.0,256.392411027,83.4044687429,0.2831875091378803,-7.0,-3.2176335686808812,-19.5,
372,11,0.0,256.184009562,83.2185421969,0.2982632408973349,-7.0,-2.723126830351248,-20.0,
373,11,0.0,255.956863069,83.0026134783,0.31011662476267293,-7.0,-1.7263010336424145,-21.0,
374,11,0.0,255.736052485,82.7871594658,0.324622794778318,-7.0,-1.2282121982069896,-21.5,
375,11,0.0,255.500398105,82.5464594057,0.3290864284679002,-7.0,-0.7279396332927064,-22.0,
376,11,0.0,255.27345881,82.3128346721,0.33466506939899043,-7.0,37.2664344804453,-22.5,
377,11,0.0,255.070432553,82.1194597417,0.22559027337508905,-7.0,-6.2300856121586605,-16.5,
378,11,0.0,254.866106878,82.0096166855,0.22799566013477437,-5.0,-7.251412402641364,-15.5,
379,11,0.0,254.688292274,81.8729379429,0.23793338962891475,-6.0,-5.761086195044157,-17.0,
380,11,0.0,254.484803624,81.7117691147,0.2693638792761625,-7.0,-4.271173305808389,-18.5,
381,11,0.0,254.274736535,81.5308031573,0.29048540576594195,-7.0,-2.77844455084751,-20.0,
382,11,0.0,254.055571118,81.3302787994,0.3024612636647477,-7.0,-2.2834972837373755,-20.5,
383,11,0.0,253.831681041,81.1126872404,0.32031943619995573,-7.0,-1.2858777634362326,-21.5,
384,11,0.0,253.60227709,80.884604699,0.3248061891298639,-7.0,-0.7871961170073831,-22.0,
385,11,0.0,253.377804102,80.6548252484,0.3303003260742063,-7.0,-0.7870270137552353,-22.0,
386,11,0.0,253.146703701,80.413658246,0.3374332834623561,-7.0,45.98874234199738,-22.5,
387,11,0.0,252.95985456,80.2314208909,0.18249074323802755,-7.0,40.31775318260239,-16.0,
388,11,0.0,252.806836601,80.1623587093,0.14764473828850144,-4.0,35.33028368316613,-10.5,
389,11,0.0,252.683065893,80.1189966527,0.11786446449271164,-3.0,32.22323782132315,-7.0,
390,11,0.0,252.57574544,80.0979294528,0.09308075223505378,-1.0,29.53372612076339,-4.0,
391,11,0.0,252.491392097,80.0866115898,0.07902323886987755,-1.0,27.769719192490015,-2.0,
392,11,0.0,252.423572017,80.0846539741,0.058154228296002856,0.0,26.446798382588725,-0.5,
393,11,0.0,252.370733225,80.0893773221,0.04811959212704645,1.0,25.573348221220698,0.5,
394,11,0.0,252.329909227,80.0972397534,0.040860675381036264,1.0,24.66338586291412,1.5000000000000002,
395,11,0.0,252.294397566,80.1108602863,0.0380046458560004,1.0,23.728616145624464,2.5,
396,11,0.0,252.258145475,80.1282081408,0.045969461329604,1.0,22.78878517772643,3.5,
397,11,0.0,252.216786888,80.1493342841,0.04989996207762018,2.0,21.855350857613857,4.5,
398,11,0.0,252.168945707,80.174147235,0.0619982138457092,2.0,20.93240363993757,5.5,
399,11,0.0,252.109211492,80.2047493935,0.07794666201117939,3.0,19.530617261168132,7.0,
400,11,0.0,252.031730738,80.2441722277,0.09359316019922888,3.0,18.16065625734017,8.5,
401,11,0.0,251.939219208,80.2933937269,0.1200581009064096,4.0,16.314720712798575,10.5,
402,11,0.0,251.825986213,80.3567124799,0.1465956468600763,5.0,14.501819700753117,12.5,
403,11,0.0,251.684166715,80.4462734762,0.18021692285316876,5.0,12.72267202808321,14.500000000000002,
404,11,0.0,251.529160813,80.556539566,0.21802667134198556,6.0,10.948152043720242,16.5,
405,11,0.0,251.345060467,80.7061154437,0.2551559499445252,7.0,8.690132426272363,19.0,
406,11,0.0,251.141168773,80.8946813544,0.2933556936347767,7.0,6.925698962669458,21.0,
407,11,0.0,250.931901906,81.1144308753,0.32464041417039174,8.0,5.127388187749588,23.0,
408,11,0.0,250.705931347,81.3780979629,0.3491335024693785,8.0,3.803658602029927,24.5,
409,11,0.0,250.484353562,81.66110046,0.36818003502804686,8.0,2.435060295646039,26.0,
410,11,0.0,250.261123082,81.961999792,0.3788761742233172,8.0,2.0424065570020176,26.5,
411,11,0.0,250.041156427,82.2755931259,0.3867637532328239,8.0,1.6150692031619585,27.0,
412,11,0.0,249.825529874,82.5924052701,0.3931693001497823,8.0,1.1688589232548452,27.5,
413,11,0.0,249.607995362,82.9185390223,0.39719269312268624,8.0,1.2110011930110929,27.5,
414,11,0.0,249.383744439,83.2634076205,0.4005833070250028,8.0,0.7321601923730015,28.0,
415,11,0.0,249.172498484,83.5910199085,0.40167891362369734,8.0,0.7455850941154267,28.0,
416,11,0.0,248.94871227,83.9411717575,0.40452393487507193,8.0,0.7498416893915874,28.0,
417,11,0.0,248.733579009,84.2791077306,0.4031274817111045,8.0,0.24865600543390798,28.500000000000004,
418,11,0.0,248.523760357,84.6109279168,0.40328145030445767,8.0,0.7350478603509814,28.0,
419,11,0.0,248.29927099,84.96290972,0.40530895615821716,8.0,0.23498660890837897,28.500000000000004,
420,11,0.0,248.091350526,85.291182042,0.402530944057334,8.0,0.7176659368985838,28.0,
421,11,0.0,247.868566288,85.6424341673,0.4052901889817602,8.0,0.19450837750851946,28.500000000000004,
422,12,0.0,247.654585989,85.9775125821,0.4030356907270544,8.0,2.685393121374041,28.0,
423,12,0.0,247.435982581,86.3306013017,0.40521181695832814,8.0,1.727180060090653,29.000000000000004,
424,12,0.0,247.229800153,86.6746460836,0.41119529335856414,8.0,1.2587628598891882,29.500000000000004,
425,12,0.0,247.024977816,87.0298414605,0.4149433608632331,8.0,1.279431782076216,29.500000000000004,
426,12,0.0,246.815463806,87.4020286977,0.41885033443511954,8.0,0.7933739944298352,29.999999999999996,
427,12,0.0,246.611689783,87.7653353188,0.4200898386101547,8.0,0.8064667482389467,29.999999999999996,
428,12,0.0,246.408216644,88.133938848,0.42169525938259533,8.0,0.8144607294761386,29.999999999999996,
429,12,0.0,246.204679338,88.5048310303,0.42215293103944085,8.0,0.8207100451131168,29.999999999999996,
430,12,0.0,246.001223191,88.8764086306,0.42470652731379094,8.0,0.8264781924374063,29.999999999999996,
431,12,0.0,245.803434396,89.2434515894,0.4248981131247744,8.0,0.32599881177033296,30.5,
432,12,0.0,245.597551198,89.6207036669,0.42379730590953224,8.0,0.8310145933681383,29.999999999999996,
433,12,0.0,245.400007703,89.9871056978,0.42583292377433857,8.0,0.3308882484262199,30.5,
434,12,0.0,245.190403465,90.3715217291,0.4226564629173948,8.0,0.836159256082162,29.999999999999996,
435,12,0.0,244.991162134,90.7411811167,0.42540874231960807,8.0,0.33608691331218665,30.5,
436,12,0.0,244.791186278,91.1077100775,0.42386659568007784,8.0,0.8420552891023334,29.999999999999996,
437,12,0.0,244.591477485,91.4771081995,0.4245424738071676,8.0,0.3438169571601506,30.5,
438,12,0.0,244.386305583,91.854798891,0.4236016382525668,8.0,0.8484549877147671,29.999999999999996,
439,12,0.0,244.18876486,92.2205242365,0.42511021934295923,8.0,0.3501463396568596,30.5,
440,12,0.0,243.978724109,92.605633389,0.4236374971135068,8.0,0.858207127439023,29.999999999999996,
441,12,0.0,243.780423558,92.9758855343,0.4249748043462029,8.0,0.3552883833465543,30.5,
442,12,0.0,243.579648224,93.3420998852,0.4248797538252117,8.0,0.3675572034077277,30.5,
443,12,0.0,243.379455455,93.7117008683,0.4220325757412923,8.0,0.8727713769936827,29.999999999999996,
444,12,0.0,243.171494475,94.0953614223,0.4245417458959144,8.0,0.379451424584758,30.5,
445,12,0.0,242.971569724,94.4601231035,0.42330578516614803,8.0,0.8955268626176789,29.999999999999996,
446,12,0.0,242.770855457,94.8334886358,0.4249451402922868,8.0,0.3974317293126717,30.5,
447,12,0.0,242.561209366,95.2179820876,0.4233129566991062,8.0,0.41343257060191263,30.5,
448,12,0.0,242.36483133,95.5797949747,0.42380390020094355,8.0,0.9265003446042215,29.999999999999996,
449,12,0.0,242.165960675,95.9464748138,0.42406150606699183,8.0,0.4413133573580268,30.5,
450,12,0.0,241.958007637,96.3304437795,0.42375374422900247,8.0,0.4582200903875773,30.5,
451,12,0.0,241.757689159,96.6989716965,0.4236872973228943,8.0,0.9830824139308234,29.999999999999996,
452,12,0.0,241.557422918,97.068776352,0.4247154351477557,8.0,0.5086594908259698,30.5,
453,12,0.0,241.351138265,97.4545324887,0.42428987751769953,8.0,0.5202826268384229,30.5,
454,12,0.0,241.155523873,97.8125930384,0.4251257771156672,8.0,0.5771052820004101,30.5,
455,12,0.0,240.94674599,98.2026136218,0.4230066653911631,8.0,0.6113309659334831,30.5,
456,12,0.0,240.751001925,98.5637999691,0.4234025878117212,8.0,0.697263473125588,30.5,
